tweets;related;rainfall (mm/30min);Next batch rainfall (mm/30min);Next batch rainfall class
0;0;0.2;0.0;fraca
0;0;0.0;0.0;fraca
0;0;0.0;0.0;fraca
1;0;0.0;0.0;fraca
0;0;0.0;0.0;fraca
3;0;0.0;0.0;fraca
0;0;1.57;0.39;fraca
0;0;0.0;0.0;fraca
0;0;0.0;0.0;fraca
0;0;0.0;0.0;fraca
3;0;0.0;0.0;fraca
0;0;0.0;0.0;fraca
0;0;0.0;0.0;fraca
0;0;0.0;0.0;fraca
0;0;0.0;0.0;fraca
1;0;0.0;0.2;fraca
0;0;0.0;0.0;fraca
0;0;0.0;0.0;fraca
0;0;0.0;0.0;fraca
0;0;0.0;0.0;fraca
0;0;0.0;0.0;fraca
0;0;0.0;0.0;fraca
0;0;0.0;0.0;fraca
0;0;0.0;0.0;fraca
0;0;0.0;0.0;fraca
0;0;0.2;0.0;fraca
0;0;0.0;0.0;fraca
0;0;0.0;0.0;fraca
0;0;0.0;0.0;fraca
0;0;0.0;0.0;fraca
6;0;0.0;0.0;fraca
0;0;0.0;0.0;fraca
1;0;0.0;0.0;fraca
0;0;0.0;0.0;fraca
2;0;0.0;0.0;fraca
2;0;0.0;0.0;fraca
0;0;0.0;0.0;fraca
0;0;0.0;0.0;fraca
0;0;2.37;20.78;forte
1;0;0.0;0.0;fraca
0;0;0.0;0.0;fraca
1;0;0.4;0.0;fraca
0;0;0.0;0.0;fraca
0;0;0.0;0.0;fraca
0;0;0.0;0.0;fraca
0;0;0.98;0.59;fraca
4;0;0.0;0.0;fraca
2;0;0.0;0.0;fraca
1;0;0.0;0.0;fraca
0;0;1.38;1.58;fraca
0;0;0.0;0.0;fraca
1;0;0.4;0.2;fraca
0;0;0.0;0.0;fraca
0;0;0.0;0.0;fraca
0;0;0.0;0.0;fraca
1;0;0.99;0.2;fraca
1;0;0.0;0.0;fraca
1;0;0.0;0.0;fraca
0;0;0.0;0.0;fraca
3;0;0.4;0.6;fraca
0;0;0.0;0.0;fraca
0;0;0.0;0.0;fraca
0;0;0.0;0.0;fraca
0;0;0.0;3.15;moderada
0;0;0.0;0.0;fraca
0;0;0.0;0.0;fraca
0;0;0.0;0.0;fraca
0;0;6.1;0.98;fraca
0;0;0.0;0.0;fraca
0;0;0.0;0.0;fraca
0;0;0.0;0.0;fraca
1;0;0.2;0.0;fraca
0;0;0.2;0.0;fraca
0;0;0.0;0.0;fraca
0;0;0.0;0.0;fraca
2;0;0.2;0.0;fraca
2;0;8.67;0.39;fraca
0;0;0.0;0.0;fraca
0;0;0.2;0.2;fraca
2;0;0.0;0.0;fraca
1;0;0.0;0.0;fraca
0;0;1.18;0.2;fraca
0;0;0.0;0.0;fraca
0;0;0.0;0.0;fraca
1;0;0.2;0.0;fraca
0;0;0.0;0.0;fraca
0;0;0.0;0.0;fraca
0;0;0.0;0.0;fraca
0;0;0.0;0.0;fraca
1;0;1.19;0.98;fraca
0;0;0.0;0.0;fraca
0;0;0.0;0.0;fraca
0;0;0.0;0.0;fraca
0;0;0.0;0.0;fraca
0;0;0.0;0.0;fraca
4;0;0.0;0.0;fraca
0;0;0.0;0.0;fraca
1;0;0.0;0.0;fraca
0;0;0.0;0.0;fraca
0;0;0.0;0.0;fraca
0;0;0.0;0.0;fraca
0;0;0.0;0.0;fraca
0;0;0.0;0.0;fraca
1;0;0.0;0.0;fraca
0;0;0.0;0.0;fraca
3;0;0.0;0.0;fraca
0;0;0.0;0.0;fraca
0;0;0.0;0.0;fraca
0;0;0.0;0.0;fraca
0;0;0.4;0.0;fraca
0;0;0.0;0.2;fraca
0;0;0.0;0.0;fraca
0;0;0.0;0.0;fraca
1;0;0.0;0.0;fraca
1;0;0.0;0.0;fraca
2;0;0.0;0.0;fraca
0;0;0.0;0.0;fraca
0;0;0.0;0.0;fraca
2;0;0.0;0.0;fraca
0;0;0.0;0.0;fraca
2;0;0.0;0.0;fraca
1;0;0.0;0.0;fraca
0;0;0.0;0.0;fraca
0;0;0.0;0.0;fraca
0;0;0.79;0.0;fraca
0;0;0.0;0.0;fraca
0;0;0.0;0.0;fraca
1;0;0.0;0.0;fraca
1;0;0.0;0.0;fraca
2;0;0.0;0.0;fraca
2;0;0.2;0.2;fraca
0;0;0.0;0.0;fraca
0;0;0.0;0.0;fraca
0;0;0.0;0.0;fraca
3;0;0.0;0.0;fraca
0;0;0.0;0.0;fraca
1;0;0.0;0.0;fraca
0;0;0.0;0.0;fraca
1;0;0.0;0.59;fraca
1;0;0.0;0.0;fraca
0;0;0.0;0.0;fraca
0;0;0.0;0.0;fraca
1;0;0.0;0.0;fraca
0;0;0.2;0.0;fraca
1;0;0.0;0.0;fraca
0;0;0.2;0.0;fraca
1;0;0.2;0.0;fraca
0;0;0.0;0.0;fraca
0;0;0.0;0.0;fraca
0;0;0.0;0.0;fraca
0;0;0.0;0.0;fraca
0;0;0.0;0.0;fraca
0;0;0.0;0.0;fraca
0;0;0.0;0.0;fraca
0;0;0.0;0.0;fraca
0;0;0.0;0.0;fraca
0;0;0.0;0.0;fraca
0;0;0.0;0.0;fraca
0;0;0.0;0.0;fraca
0;0;0.0;0.0;fraca
1;0;0.0;0.0;fraca
0;0;0.0;0.0;fraca
1;0;0.0;0.0;fraca
0;0;0.0;0.0;fraca
0;0;0.0;0.0;fraca
0;0;0.0;0.0;fraca
0;0;0.0;0.0;fraca
1;0;0.0;0.0;fraca
0;0;0.0;0.0;fraca
0;0;0.0;0.0;fraca
0;0;0.0;0.0;fraca
0;0;0.0;0.0;fraca
0;0;0.0;0.0;fraca
0;0;0.0;0.0;fraca
2;0;0.39;0.4;fraca
0;0;0.0;0.0;fraca
3;0;0.0;0.0;fraca
2;0;0.0;0.0;fraca
0;0;0.0;0.0;fraca
2;0;0.0;0.0;fraca
0;0;0.0;0.0;fraca
0;0;0.0;0.0;fraca
0;0;0.2;0.0;fraca
0;0;0.0;0.0;fraca
1;0;0.78;0.2;fraca
1;0;3.15;18.22;forte
0;0;0.0;1.38;fraca
0;0;0.0;0.0;fraca
0;0;0.2;0.0;fraca
5;0;0.0;0.0;fraca
0;0;0.0;0.0;fraca
2;0;0.0;0.2;fraca
2;0;0.0;0.0;fraca
1;0;0.0;0.0;fraca
0;0;0.0;0.0;fraca
0;0;0.0;0.0;fraca
0;0;0.2;1.57;fraca
0;0;1.97;1.57;fraca
3;0;0.0;0.0;fraca
0;0;0.0;0.0;fraca
0;0;0.0;0.0;fraca
0;0;0.0;0.0;fraca
0;0;1.57;0.79;fraca
0;0;0.0;0.0;fraca
0;0;0.0;0.0;fraca
0;0;0.0;0.0;fraca
0;0;0.0;0.0;fraca
0;0;0.0;0.0;fraca
0;0;0.0;0.0;fraca
0;0;0.0;0.2;fraca
0;0;0.0;0.0;fraca
0;0;0.0;0.0;fraca
0;0;0.0;0.0;fraca
0;0;0.0;0.0;fraca
1;0;0.0;0.0;fraca
2;0;0.0;0.0;fraca
0;0;0.0;0.2;fraca
1;0;0.0;0.0;fraca
0;0;0.0;0.0;fraca
4;0;0.0;0.0;fraca
0;0;0.0;0.0;fraca
1;0;0.0;0.0;fraca
0;0;0.0;0.0;fraca
2;0;0.0;0.0;fraca
0;0;0.0;0.0;fraca
0;0;0.0;0.0;fraca
0;0;0.0;0.0;fraca
2;0;0.0;0.0;fraca
1;0;0.0;0.0;fraca
8;0;0.2;1.38;fraca
3;0;0.0;0.0;fraca
3;0;0.0;0.0;fraca
0;0;0.0;0.0;fraca
2;0;0.0;0.0;fraca
0;0;0.0;0.0;fraca
0;0;0.0;0.0;fraca
1;0;0.0;0.0;fraca
0;0;0.0;0.0;fraca
0;0;0.0;0.0;fraca
0;0;0.0;0.0;fraca
0;0;0.0;0.0;fraca
0;0;0.0;0.0;fraca
1;0;0.39;3.73;moderada
0;0;0.0;0.0;fraca
0;0;0.0;0.0;fraca
0;0;0.0;0.0;fraca
0;0;0.0;0.0;fraca
0;0;0.0;0.0;fraca
0;0;0.0;0.0;fraca
0;0;0.0;0.0;fraca
0;0;0.2;0.2;fraca
0;0;0.0;0.0;fraca
0;0;0.0;0.0;fraca
0;0;0.0;0.0;fraca
0;0;0.0;0.0;fraca
0;0;0.0;0.0;fraca
0;0;0.0;0.0;fraca
1;0;0.0;0.0;fraca
1;0;0.0;0.0;fraca
1;0;0.4;0.4;fraca
0;0;0.0;0.0;fraca
0;0;0.0;0.0;fraca
0;0;0.0;0.0;fraca
0;0;0.0;0.0;fraca
0;0;0.0;0.0;fraca
0;0;0.0;0.0;fraca
0;0;0.0;0.0;fraca
3;0;0.0;0.0;fraca
3;0;0.0;0.0;fraca
3;0;0.0;0.0;fraca
1;0;0.0;0.0;fraca
1;0;0.0;0.0;fraca
0;0;0.0;0.0;fraca
2;0;0.0;0.0;fraca
0;0;0.0;0.0;fraca
0;0;0.0;0.0;fraca
0;0;0.0;0.0;fraca
0;0;0.0;0.0;fraca
1;0;0.0;0.0;fraca
0;0;0.0;0.0;fraca
0;0;0.2;0.0;fraca
3;0;0.0;0.79;fraca
0;0;0.0;0.0;fraca
0;0;0.59;0.4;fraca
2;0;0.0;0.0;fraca
2;0;0.0;0.0;fraca
0;0;0.0;0.0;fraca
0;0;0.0;0.0;fraca
0;0;0.0;0.0;fraca
0;0;0.0;0.0;fraca
0;0;0.2;0.0;fraca
0;0;9.66;4.13;moderada
0;0;0.0;0.0;fraca
1;0;0.0;0.0;fraca
0;0;0.0;0.0;fraca
0;0;0.0;0.0;fraca
0;0;0.0;0.0;fraca
1;0;0.0;0.0;fraca
0;0;0.0;0.0;fraca
2;0;0.0;0.0;fraca
0;0;0.0;0.0;fraca
0;0;0.0;0.2;fraca
2;0;0.0;0.0;fraca
0;0;0.0;0.0;fraca
1;0;0.0;0.0;fraca
0;0;0.0;0.0;fraca
1;0;0.0;0.0;fraca
2;0;0.0;0.0;fraca
0;0;0.0;0.0;fraca
1;0;0.0;0.0;fraca
0;0;0.0;0.0;fraca
0;0;0.0;0.0;fraca
2;0;0.0;0.0;fraca
0;0;0.0;0.0;fraca
0;0;0.0;0.0;fraca
3;0;0.0;0.0;fraca
1;0;0.0;0.0;fraca
3;0;0.0;0.0;fraca
0;0;0.0;0.0;fraca
0;0;0.0;0.0;fraca
1;0;0.0;0.0;fraca
0;0;0.0;0.0;fraca
0;0;0.0;0.0;fraca
1;0;0.0;0.0;fraca
1;0;0.0;0.0;fraca
4;0;0.0;0.0;fraca
1;0;0.0;0.0;fraca
0;0;0.4;0.0;fraca
0;0;0.0;0.0;fraca
0;0;0.0;0.0;fraca
1;0;0.0;0.0;fraca
1;0;0.0;0.0;fraca
1;0;0.0;0.0;fraca
2;0;0.0;0.0;fraca
4;0;0.0;0.0;fraca
1;0;0.0;0.0;fraca
0;0;0.0;0.0;fraca
0;0;0.0;0.0;fraca
7;0;0.0;0.0;fraca
2;0;0.0;0.0;fraca
0;0;0.0;0.0;fraca
0;0;0.0;0.0;fraca
0;0;0.0;0.0;fraca
2;1;0.0;0.0;fraca
0;0;0.0;0.0;fraca
0;0;0.0;0.4;fraca
0;0;0.0;2.95;moderada
1;0;0.0;0.0;fraca
0;0;0.59;0.4;fraca
1;0;0.0;0.0;fraca
0;0;0.0;0.0;fraca
1;0;1.38;0.59;fraca
1;0;0.0;0.0;fraca
0;0;0.0;0.0;fraca
0;0;0.0;0.0;fraca
2;0;0.0;0.0;fraca
3;0;0.0;9.66;moderada
0;0;0.0;0.0;fraca
0;0;0.0;0.0;fraca
1;0;0.0;0.0;fraca
0;0;0.0;0.0;fraca
0;0;0.0;0.0;fraca
0;0;0.0;0.0;fraca
0;0;18.22;0.2;fraca
0;0;0.0;0.0;fraca
1;0;0.0;0.0;fraca
0;0;0.0;0.0;fraca
0;0;0.0;0.0;fraca
0;0;0.0;0.0;fraca
0;0;0.0;0.0;fraca
0;0;0.0;0.0;fraca
0;0;0.0;0.0;fraca
3;0;0.0;0.0;fraca
0;0;0.0;0.0;fraca
0;0;0.2;0.39;fraca
0;0;0.0;0.0;fraca
3;0;0.0;0.0;fraca
2;0;0.0;0.0;fraca
0;0;0.0;0.0;fraca
0;0;0.0;0.0;fraca
0;0;0.0;0.2;fraca
0;0;0.0;0.0;fraca
0;0;0.0;0.0;fraca
0;0;0.0;0.0;fraca
1;0;0.0;0.0;fraca
1;0;0.0;0.0;fraca
0;0;0.0;0.0;fraca
0;0;0.0;0.2;fraca
0;0;1.18;0.98;fraca
3;0;0.2;0.0;fraca
1;0;0.0;0.0;fraca
0;0;0.0;0.0;fraca
1;0;0.0;0.0;fraca
0;0;0.0;0.0;fraca
0;0;0.0;0.0;fraca
0;0;0.0;0.0;fraca
2;0;0.0;0.0;fraca
0;0;0.0;0.0;fraca
0;0;0.0;0.0;fraca
0;0;0.0;0.0;fraca
0;0;0.0;0.0;fraca
1;0;0.0;0.0;fraca
0;0;0.0;0.0;fraca
0;0;0.0;0.0;fraca
1;0;10.03;1.19;fraca
1;0;0.0;0.0;fraca
1;0;0.79;0.0;fraca
1;0;0.0;0.0;fraca
0;0;0.0;0.0;fraca
0;0;0.0;0.4;fraca
0;0;0.0;0.0;fraca
1;0;0.0;0.0;fraca
5;0;0.0;0.0;fraca
1;0;0.0;0.0;fraca
0;0;0.0;0.0;fraca
1;0;0.0;0.0;fraca
0;0;0.0;0.0;fraca
0;0;0.0;0.0;fraca
1;0;0.0;0.0;fraca
0;0;0.0;0.0;fraca
0;0;0.0;0.0;fraca
0;0;0.0;0.0;fraca
0;0;0.0;0.0;fraca
0;0;0.0;0.0;fraca
1;0;0.0;0.0;fraca
0;0;0.2;0.0;fraca
5;0;0.59;1.18;fraca
0;0;0.2;0.0;fraca
1;0;0.0;0.0;fraca
0;0;0.0;0.0;fraca
0;0;0.0;0.0;fraca
0;0;0.0;0.0;fraca
0;0;0.0;0.0;fraca
0;0;0.0;0.0;fraca
0;0;7.48;0.0;fraca
0;0;0.0;0.0;fraca
0;0;1.37;1.37;fraca
1;0;0.0;0.0;fraca
0;0;0.0;0.0;fraca
0;0;0.0;0.0;fraca
0;0;0.0;0.0;fraca
0;0;0.39;0.59;fraca
2;0;0.0;0.0;fraca
0;0;0.2;0.4;fraca
0;0;0.0;0.0;fraca
0;0;0.0;0.0;fraca
0;0;0.0;0.0;fraca
0;0;0.0;0.0;fraca
1;0;0.0;0.0;fraca
0;0;0.0;0.0;fraca
0;0;0.0;0.0;fraca
1;0;0.0;0.0;fraca
1;0;0.0;0.0;fraca
0;0;0.0;0.0;fraca
2;0;0.0;0.0;fraca
0;0;0.0;0.0;fraca
1;0;0.0;0.0;fraca
0;0;0.0;0.0;fraca
0;0;0.0;0.0;fraca
0;0;0.0;0.0;fraca
0;0;0.0;0.0;fraca
2;0;0.0;0.0;fraca
1;0;0.0;0.0;fraca
0;0;0.0;0.0;fraca
0;0;0.0;0.2;fraca
1;0;0.39;0.0;fraca
1;0;0.0;0.0;fraca
0;0;0.0;0.0;fraca
1;0;0.4;0.0;fraca
0;0;0.0;0.0;fraca
1;0;0.0;0.0;fraca
0;0;0.0;0.79;fraca
0;0;0.0;0.0;fraca
0;0;0.0;0.0;fraca
1;0;0.0;0.0;fraca
0;0;0.0;0.0;fraca
0;0;0.0;0.0;fraca
1;0;0.0;0.0;fraca
0;0;0.0;0.2;fraca
1;0;0.0;0.0;fraca
2;0;0.0;0.0;fraca
0;0;0.0;0.0;fraca
0;0;0.0;0.0;fraca
0;0;0.0;0.0;fraca
0;0;0.0;0.0;fraca
0;0;0.0;0.0;fraca
1;0;0.0;0.0;fraca
0;0;0.0;0.0;fraca
0;0;0.0;8.67;moderada
0;0;0.0;0.0;fraca
1;0;0.0;0.0;fraca
1;0;0.0;0.79;fraca
0;0;0.0;0.0;fraca
1;0;0.0;0.0;fraca
1;0;0.0;0.0;fraca
0;0;0.0;0.0;fraca
0;0;0.0;0.0;fraca
0;0;0.0;0.0;fraca
0;0;0.0;0.0;fraca
1;0;0.0;0.0;fraca
0;0;0.0;0.0;fraca
0;0;0.0;0.0;fraca
0;0;0.0;2.75;moderada
1;0;0.0;0.0;fraca
0;0;0.0;0.0;fraca
1;0;0.0;0.0;fraca
1;0;0.0;0.0;fraca
0;0;0.0;0.0;fraca
1;0;0.0;0.0;fraca
0;0;0.0;0.0;fraca
0;0;0.0;0.0;fraca
0;0;0.0;0.0;fraca
1;0;0.0;0.0;fraca
0;0;0.0;0.0;fraca
0;0;0.0;0.0;fraca
0;0;0.0;0.0;fraca
1;0;0.0;0.2;fraca
0;0;0.0;0.0;fraca
0;0;0.0;0.0;fraca
1;0;0.0;0.0;fraca
0;0;0.0;0.0;fraca
0;0;0.0;0.0;fraca
0;0;0.0;0.0;fraca
0;0;0.0;0.0;fraca
3;0;0.0;0.0;fraca
0;0;0.0;0.0;fraca
0;0;0.0;0.0;fraca
0;0;0.0;0.0;fraca
0;0;0.0;0.0;fraca
1;0;0.0;0.0;fraca
0;0;0.0;0.0;fraca
0;0;1.38;0.39;fraca
1;0;0.0;0.0;fraca
0;0;0.2;2.55;moderada
0;0;0.0;0.0;fraca
0;0;0.0;0.0;fraca
3;0;0.0;0.0;fraca
0;0;0.0;0.0;fraca
0;0;0.4;0.0;fraca
0;0;0.0;0.2;fraca
0;0;0.0;0.0;fraca
0;0;0.0;0.0;fraca
1;0;0.0;0.0;fraca
0;0;0.0;0.0;fraca
0;0;0.0;0.0;fraca
0;0;0.0;0.2;fraca
1;0;0.0;0.0;fraca
1;0;0.0;0.0;fraca
1;0;0.0;0.0;fraca
0;0;0.0;0.0;fraca
1;0;0.0;0.0;fraca
2;0;0.0;0.0;fraca
0;0;0.0;0.2;fraca
0;0;0.0;0.0;fraca
0;0;0.0;0.0;fraca
0;0;0.0;0.0;fraca
0;0;0.0;0.0;fraca
0;0;0.0;0.0;fraca
0;0;0.0;0.0;fraca
0;0;0.0;0.0;fraca
1;0;0.2;0.4;fraca
0;0;0.0;0.0;fraca
2;0;0.0;0.0;fraca
0;0;0.0;0.0;fraca
1;0;0.0;0.0;fraca
0;0;0.0;0.0;fraca
1;0;0.0;0.0;fraca
1;0;0.0;0.0;fraca
4;0;0.0;0.0;fraca
0;0;0.0;0.0;fraca
0;0;0.0;0.0;fraca
0;0;0.0;0.0;fraca
0;0;0.0;0.39;fraca
0;0;0.0;0.0;fraca
6;0;0.2;0.4;fraca
0;0;0.2;0.0;fraca
1;0;0.0;0.0;fraca
1;0;0.0;0.0;fraca
0;0;0.0;0.0;fraca
0;0;0.0;0.0;fraca
12;0;0.0;0.0;fraca
0;0;0.0;0.0;fraca
1;0;0.0;0.0;fraca
0;0;0.2;0.0;fraca
0;0;0.99;0.0;fraca
0;0;0.0;0.0;fraca
0;0;0.0;0.0;fraca
0;0;0.0;0.0;fraca
1;0;0.0;0.0;fraca
0;0;0.0;0.0;fraca
0;0;0.0;0.0;fraca
2;0;0.0;0.0;fraca
0;0;0.0;0.0;fraca
0;0;0.0;0.0;fraca
0;0;0.0;0.0;fraca
0;0;0.0;0.0;fraca
0;0;0.0;0.0;fraca
1;0;0.0;0.0;fraca
2;0;0.99;0.0;fraca
0;0;0.0;0.0;fraca
0;0;0.4;0.0;fraca
2;0;0.0;0.0;fraca
3;0;0.0;0.0;fraca
0;0;0.0;0.0;fraca
0;0;0.0;0.0;fraca
2;0;0.2;0.0;fraca
0;0;0.0;0.0;fraca
0;0;0.0;0.0;fraca
0;0;0.0;0.0;fraca
0;0;0.0;0.0;fraca
3;0;0.0;0.0;fraca
0;0;0.39;0.0;fraca
0;0;0.0;0.0;fraca
0;0;0.0;0.0;fraca
0;0;0.0;0.0;fraca
0;0;0.0;0.0;fraca
0;0;0.0;0.0;fraca
0;0;0.0;0.0;fraca
1;0;0.0;0.0;fraca
0;0;0.59;6.68;moderada
0;0;3.73;0.0;fraca
1;0;0.0;0.0;fraca
0;0;0.0;0.0;fraca
0;0;0.0;0.0;fraca
0;0;0.0;0.0;fraca
1;0;0.0;0.0;fraca
0;0;0.0;0.0;fraca
1;0;0.0;0.0;fraca
0;0;0.0;0.2;fraca
1;0;0.0;0.0;fraca
2;0;0.0;0.0;fraca
0;0;0.0;0.0;fraca
0;0;2.95;0.2;fraca
0;0;0.0;0.0;fraca
1;0;0.0;0.0;fraca
0;0;0.0;0.0;fraca
2;0;0.0;0.0;fraca
0;0;0.0;0.0;fraca
0;0;0.0;0.0;fraca
5;0;0.0;0.0;fraca
0;0;0.0;0.0;fraca
1;0;0.0;0.0;fraca
0;0;0.0;0.0;fraca
0;0;0.0;0.0;fraca
6;0;0.0;0.0;fraca
0;0;0.0;0.2;fraca
0;0;0.0;0.0;fraca
1;0;0.0;0.0;fraca
0;0;0.0;0.0;fraca
0;0;0.0;0.0;fraca
3;0;0.2;0.0;fraca
0;0;0.2;0.4;fraca
0;0;4.13;0.2;fraca
6;0;0.0;0.0;fraca
0;0;0.0;0.0;fraca
0;0;0.0;0.0;fraca
0;0;0.0;0.0;fraca
0;0;0.0;0.0;fraca
0;0;0.0;0.0;fraca
1;0;0.0;0.0;fraca
0;0;0.0;0.0;fraca
1;0;0.0;0.0;fraca
0;0;0.0;0.0;fraca
0;0;0.0;0.0;fraca
0;0;0.0;0.0;fraca
0;0;0.0;0.0;fraca
0;0;0.0;0.0;fraca
0;0;0.0;0.2;fraca
6;0;0.0;0.0;fraca
2;0;0.0;0.0;fraca
0;0;0.0;0.0;fraca
0;0;0.0;0.0;fraca
0;0;0.0;0.0;fraca
2;0;0.0;0.0;fraca
1;0;0.0;0.0;fraca
0;0;0.0;0.0;fraca
0;0;0.0;0.0;fraca
1;0;0.0;0.0;fraca
0;0;0.0;0.0;fraca
5;0;0.0;0.0;fraca
0;0;0.0;0.0;fraca
0;0;0.0;0.0;fraca
0;0;0.0;0.0;fraca
0;0;0.0;0.0;fraca
1;0;0.0;0.0;fraca
0;0;0.0;0.0;fraca
0;0;0.0;0.0;fraca
0;0;0.0;0.0;fraca
0;0;0.0;0.0;fraca
0;0;0.0;0.0;fraca
2;0;0.0;0.0;fraca
0;0;0.0;0.59;fraca
0;0;0.0;0.0;fraca
2;0;0.0;0.0;fraca
0;0;0.0;0.0;fraca
0;0;0.0;0.0;fraca
0;0;0.0;0.0;fraca
1;0;0.0;0.0;fraca
1;0;0.0;0.0;fraca
1;0;0.0;0.0;fraca
0;0;0.0;0.0;fraca
0;0;0.0;0.0;fraca
0;0;0.0;0.0;fraca
0;0;0.0;0.0;fraca
0;0;0.0;0.0;fraca
0;0;0.0;0.0;fraca
0;0;0.0;0.0;fraca
0;0;0.0;0.0;fraca
1;0;0.0;0.0;fraca
0;0;0.0;0.0;fraca
0;0;0.0;0.0;fraca
0;0;0.0;0.0;fraca
0;0;0.0;0.0;fraca
0;0;0.0;0.0;fraca
0;0;0.0;0.0;fraca
0;0;0.2;0.59;fraca
0;0;0.0;0.0;fraca
6;0;0.0;0.0;fraca
3;0;0.0;0.0;fraca
0;0;0.0;0.0;fraca
0;0;0.0;0.0;fraca
0;0;0.0;0.0;fraca
1;0;0.0;0.0;fraca
0;0;0.0;0.0;fraca
2;0;0.0;0.0;fraca
0;0;0.4;0.4;fraca
0;0;0.0;0.0;fraca
0;0;0.0;0.0;fraca
7;0;0.0;0.0;fraca
0;0;0.0;0.2;fraca
0;0;0.0;0.0;fraca
3;0;0.0;0.0;fraca
0;0;0.0;0.0;fraca
0;0;0.2;0.0;fraca
2;0;0.0;0.0;fraca
1;0;0.0;0.0;fraca
0;0;0.0;0.0;fraca
0;0;0.0;0.0;fraca
0;0;0.0;0.0;fraca
0;0;0.0;0.0;fraca
0;0;0.0;0.0;fraca
1;0;0.0;0.0;fraca
0;0;20.78;19.44;forte
0;0;0.0;0.0;fraca
0;0;0.0;0.0;fraca
0;0;0.0;0.0;fraca
0;0;0.0;0.0;fraca
0;0;0.0;0.0;fraca
2;0;0.0;0.0;fraca
2;0;0.2;0.0;fraca
0;0;0.0;0.0;fraca
0;0;0.0;0.0;fraca
1;0;0.0;0.0;fraca
0;0;0.0;0.0;fraca
0;0;0.0;0.0;fraca
0;0;0.0;0.0;fraca
0;0;0.0;0.0;fraca
0;0;0.0;0.0;fraca
1;0;0.0;0.0;fraca
3;0;0.0;0.0;fraca
3;0;0.0;0.0;fraca
0;0;0.0;0.0;fraca
0;0;0.0;0.0;fraca
0;0;0.0;0.0;fraca
1;0;0.0;0.0;fraca
0;0;0.0;0.0;fraca
1;0;0.0;0.0;fraca
0;0;0.2;0.2;fraca
0;0;0.0;0.0;fraca
1;0;0.0;0.0;fraca
1;0;0.4;0.39;fraca
1;0;0.79;0.78;fraca
0;0;0.0;0.0;fraca
0;0;1.18;0.6;fraca
0;0;0.0;0.0;fraca
1;0;0.0;0.0;fraca
2;0;0.78;0.0;fraca
0;0;0.4;0.2;fraca
0;0;0.0;0.0;fraca
4;0;0.0;0.0;fraca
0;0;0.0;0.0;fraca
0;0;0.0;0.0;fraca
1;0;0.0;0.0;fraca
0;0;0.0;0.2;fraca
0;0;0.0;0.0;fraca
1;0;0.0;0.0;fraca
0;0;0.0;0.0;fraca
0;0;0.0;0.0;fraca
0;0;0.2;0.0;fraca
0;0;0.0;0.0;fraca
0;0;0.0;0.0;fraca
0;0;0.0;0.0;fraca
1;0;0.0;0.0;fraca
0;0;0.0;0.0;fraca
0;0;0.0;0.0;fraca
0;0;0.0;0.0;fraca
0;0;0.0;0.0;fraca
1;0;6.68;3.14;moderada
0;0;0.0;0.0;fraca
0;0;0.0;0.0;fraca
0;0;0.0;0.0;fraca
0;0;0.0;0.0;fraca
0;0;0.0;0.0;fraca
1;0;0.0;0.2;fraca
0;0;0.0;0.0;fraca
0;0;0.0;0.0;fraca
0;0;0.0;0.0;fraca
1;0;0.0;0.0;fraca
0;0;0.0;0.0;fraca
1;0;0.0;0.0;fraca
1;0;0.0;0.0;fraca
0;0;0.2;0.2;fraca
1;0;0.2;0.0;fraca
0;0;0.2;10.05;moderada
0;0;0.0;0.0;fraca
1;0;0.0;0.0;fraca
0;0;0.0;0.0;fraca
0;0;0.0;0.0;fraca
0;0;0.0;0.0;fraca
3;0;0.0;0.0;fraca
0;0;0.2;0.2;fraca
0;0;0.0;0.0;fraca
0;0;0.0;0.0;fraca
0;0;0.0;0.0;fraca
0;0;0.0;0.0;fraca
2;0;0.0;0.0;fraca
3;0;0.0;0.0;fraca
0;0;0.0;0.0;fraca
1;0;0.0;0.0;fraca
0;0;0.0;0.0;fraca
0;0;0.0;0.0;fraca
0;0;0.0;0.0;fraca
18;0;0.59;0.78;fraca
0;0;1.37;0.99;fraca
1;0;0.0;0.0;fraca
0;0;0.0;0.0;fraca
1;0;0.0;0.0;fraca
0;0;0.0;0.0;fraca
1;0;0.0;0.0;fraca
2;0;0.0;0.0;fraca
0;0;0.0;0.0;fraca
5;0;0.0;0.0;fraca
2;0;0.0;0.0;fraca
1;0;0.0;0.0;fraca
0;0;0.0;0.0;fraca
0;0;0.0;0.0;fraca
1;0;0.0;0.0;fraca
0;0;0.0;0.0;fraca
0;0;0.0;0.0;fraca
1;0;0.0;0.0;fraca
0;0;0.59;1.37;fraca
0;0;0.0;0.0;fraca
2;0;0.0;0.0;fraca
0;0;0.0;0.0;fraca
0;0;0.0;0.0;fraca
1;0;0.0;0.0;fraca
2;0;0.0;0.0;fraca
0;0;0.0;0.0;fraca
0;0;0.0;0.0;fraca
0;0;0.0;0.0;fraca
5;0;0.0;0.0;fraca
1;0;0.0;0.0;fraca
0;0;0.79;0.2;fraca
3;0;0.0;0.0;fraca
0;0;0.0;0.0;fraca
0;0;0.0;0.0;fraca
0;0;0.0;0.0;fraca
0;0;0.0;0.0;fraca
2;0;0.0;0.0;fraca
2;0;0.0;0.0;fraca
4;0;0.0;0.0;fraca
0;0;0.0;0.0;fraca
3;0;0.0;0.0;fraca
2;0;0.0;0.0;fraca
0;0;0.0;0.0;fraca
0;0;0.0;0.0;fraca
1;0;0.0;0.59;fraca
0;0;0.0;0.0;fraca
0;0;0.0;0.0;fraca
0;0;0.0;0.0;fraca
3;0;0.0;0.0;fraca
0;0;0.0;0.0;fraca
0;0;0.0;0.0;fraca
0;0;0.0;0.0;fraca
1;0;0.0;0.0;fraca
0;0;0.0;0.0;fraca
0;0;0.0;0.0;fraca
0;0;0.0;0.0;fraca
1;0;0.0;0.0;fraca
2;0;0.0;0.0;fraca
2;0;0.0;0.0;fraca
1;0;0.0;0.0;fraca
0;0;0.0;0.0;fraca
1;0;0.0;0.0;fraca
1;0;0.0;0.0;fraca
1;0;0.0;0.0;fraca
0;0;0.0;0.0;fraca
1;0;0.0;0.0;fraca
1;0;0.0;0.0;fraca
0;0;0.0;0.0;fraca
5;0;0.0;0.2;fraca
3;0;0.0;0.0;fraca
2;0;0.0;0.0;fraca
0;0;0.0;0.0;fraca
1;0;0.0;0.0;fraca
0;0;0.0;0.0;fraca
1;0;0.0;0.0;fraca
0;0;0.0;0.0;fraca
1;0;0.0;0.0;fraca
0;0;0.0;0.0;fraca
2;0;0.0;0.0;fraca
0;0;0.0;0.0;fraca
0;0;0.0;0.2;fraca
1;0;0.0;0.0;fraca
0;0;0.6;0.2;fraca
1;0;0.0;0.0;fraca
0;0;0.0;1.38;fraca
3;0;0.0;0.0;fraca
3;0;0.0;0.0;fraca
0;0;0.0;0.0;fraca
0;0;0.0;0.0;fraca
1;0;0.0;0.0;fraca
0;0;0.0;0.0;fraca
0;0;0.0;0.0;fraca
0;0;0.0;0.0;fraca
0;0;0.0;0.0;fraca
0;0;0.0;0.0;fraca
0;0;0.0;0.0;fraca
0;0;0.0;0.0;fraca
0;0;0.0;0.0;fraca
0;0;0.0;0.0;fraca
0;0;0.0;0.0;fraca
1;0;0.0;0.0;fraca
2;0;0.4;0.0;fraca
3;0;0.39;0.4;fraca
5;0;0.0;0.0;fraca
0;0;0.0;0.0;fraca
0;0;0.0;0.0;fraca
0;0;0.0;0.0;fraca
1;0;0.0;0.0;fraca
6;0;0.0;0.0;fraca
1;0;0.0;0.0;fraca
0;0;0.0;0.0;fraca
0;0;0.0;0.0;fraca
0;0;0.0;2.37;fraca
0;0;0.0;0.0;fraca
0;0;0.0;0.0;fraca
0;0;0.98;0.79;fraca
1;0;0.79;0.4;fraca
0;0;0.0;0.0;fraca
0;0;0.0;0.0;fraca
0;0;0.0;0.0;fraca
0;0;0.0;0.0;fraca
0;0;0.0;0.0;fraca
0;0;0.0;0.0;fraca
0;0;0.0;0.0;fraca
0;0;0.0;0.98;fraca
4;0;0.0;0.0;fraca
0;0;0.0;0.0;fraca
0;0;19.44;16.33;forte
1;0;0.0;0.0;fraca
0;0;0.0;0.0;fraca
0;0;0.0;0.0;fraca
0;0;0.0;0.0;fraca
0;0;0.0;0.0;fraca
1;0;0.0;0.0;fraca
1;0;0.2;0.0;fraca
1;0;0.0;0.2;fraca
0;0;0.0;0.0;fraca
0;0;0.0;0.0;fraca
1;0;0.0;0.0;fraca
1;0;0.0;0.0;fraca
1;0;0.0;0.0;fraca
1;0;0.0;0.59;fraca
0;0;0.0;0.0;fraca
0;0;0.0;0.0;fraca
0;0;0.0;0.2;fraca
0;0;0.0;0.0;fraca
0;0;0.0;0.0;fraca
0;0;0.0;0.0;fraca
2;0;0.0;0.0;fraca
0;0;0.2;0.4;fraca
0;0;0.0;0.0;fraca
1;0;0.4;0.4;fraca
2;0;0.0;0.0;fraca
0;0;0.0;0.0;fraca
1;0;0.0;0.0;fraca
0;0;0.0;0.0;fraca
0;0;0.2;0.79;fraca
0;0;0.0;0.0;fraca
0;0;0.0;0.0;fraca
1;0;0.0;0.0;fraca
1;0;0.0;0.0;fraca
0;0;0.0;0.0;fraca
3;0;0.0;0.0;fraca
1;0;0.0;0.0;fraca
1;0;0.0;0.0;fraca
1;0;0.0;0.0;fraca
1;0;0.0;0.0;fraca
1;0;0.0;0.0;fraca
3;0;0.0;0.0;fraca
4;0;0.0;0.0;fraca
0;0;0.0;0.0;fraca
0;0;0.0;0.0;fraca
0;0;0.0;0.0;fraca
1;0;0.0;0.0;fraca
0;0;0.0;0.0;fraca
0;0;0.0;0.0;fraca
0;0;0.0;0.0;fraca
0;0;0.0;0.0;fraca
1;0;0.0;0.0;fraca
7;0;0.0;0.0;fraca
0;0;0.0;0.0;fraca
0;0;0.0;0.0;fraca
0;0;0.0;0.0;fraca
0;0;0.0;0.0;fraca
0;0;0.0;0.0;fraca
0;0;0.0;0.0;fraca
1;0;0.0;0.0;fraca
0;0;0.0;0.0;fraca
0;0;0.0;0.0;fraca
0;0;0.0;0.0;fraca
1;0;0.0;0.0;fraca
1;0;0.0;0.0;fraca
0;0;0.0;0.0;fraca
1;0;0.0;0.0;fraca
0;0;0.0;0.0;fraca
0;0;0.0;0.0;fraca
1;0;0.0;0.0;fraca
0;0;0.0;0.0;fraca
0;0;0.0;0.0;fraca
1;0;0.0;0.0;fraca
1;0;0.0;0.0;fraca
1;0;0.0;0.0;fraca
0;0;0.0;0.0;fraca
0;0;0.0;0.0;fraca
1;0;0.0;0.0;fraca
2;0;0.0;0.0;fraca
2;0;0.0;0.0;fraca
2;0;0.0;0.0;fraca
1;0;0.0;0.0;fraca
0;0;0.0;0.0;fraca
4;0;0.0;0.0;fraca
1;0;0.0;0.0;fraca
0;0;0.0;0.0;fraca
0;0;0.0;0.0;fraca
0;0;0.0;0.0;fraca
0;0;0.0;0.0;fraca
0;0;0.0;0.0;fraca
0;0;0.0;0.0;fraca
0;0;0.0;0.0;fraca
1;0;0.0;0.0;fraca
2;0;0.0;0.0;fraca
0;0;0.0;0.0;fraca
0;0;0.0;0.0;fraca
0;0;0.0;0.0;fraca
0;0;0.0;0.0;fraca
1;0;0.0;0.0;fraca
1;0;0.0;0.0;fraca
4;0;1.37;0.4;fraca
0;0;0.0;0.0;fraca
0;0;0.0;0.0;fraca
1;0;0.0;0.0;fraca
0;0;0.0;0.0;fraca
0;0;0.0;0.0;fraca
0;0;0.0;0.0;fraca
1;0;0.0;0.0;fraca
0;0;0.0;0.0;fraca
0;0;0.0;0.0;fraca
1;0;0.0;0.0;fraca
1;0;0.0;0.0;fraca
0;0;0.0;0.0;fraca
1;0;0.0;0.0;fraca
0;0;0.0;0.0;fraca
2;0;0.0;0.0;fraca
1;0;0.0;0.0;fraca
0;0;0.0;0.0;fraca
0;0;0.0;0.0;fraca
0;0;0.0;0.0;fraca
2;0;0.0;0.0;fraca
0;0;0.0;0.0;fraca
13;0;0.0;0.0;fraca
0;0;0.0;0.0;fraca
0;0;0.0;0.0;fraca
2;0;0.0;0.0;fraca
0;0;0.0;0.0;fraca
0;0;0.0;0.0;fraca
0;0;0.0;0.0;fraca
4;0;0.0;0.0;fraca
0;0;0.2;0.2;fraca
1;0;0.0;0.0;fraca
0;0;0.0;0.0;fraca
0;0;0.0;0.0;fraca
2;0;0.0;0.0;fraca
8;0;0.0;0.0;fraca
0;0;0.0;0.0;fraca
0;0;0.0;0.0;fraca
5;0;0.0;0.0;fraca
3;0;0.0;0.0;fraca
0;0;0.0;0.0;fraca
1;0;0.0;0.0;fraca
0;0;0.0;0.0;fraca
0;0;0.0;0.2;fraca
0;0;0.0;0.0;fraca
0;0;0.0;0.0;fraca
1;0;0.0;0.0;fraca
0;0;0.0;0.0;fraca
0;0;0.0;0.0;fraca
0;0;0.0;0.0;fraca
0;0;0.0;0.0;fraca
0;0;0.0;0.0;fraca
0;0;0.0;0.0;fraca
1;0;0.79;1.37;fraca
6;0;0.79;0.0;fraca
1;0;0.0;0.0;fraca
1;0;0.0;0.0;fraca
0;0;0.0;0.59;fraca
2;0;2.95;10.03;moderada
0;0;0.0;0.0;fraca
0;0;0.0;0.0;fraca
1;0;0.0;0.0;fraca
1;0;0.0;0.0;fraca
0;0;0.59;0.2;fraca
0;0;0.0;0.2;fraca
1;0;0.0;0.0;fraca
1;0;0.4;1.18;fraca
0;0;0.0;0.0;fraca
0;0;0.0;0.0;fraca
1;0;0.0;0.0;fraca
2;0;0.0;0.0;fraca
1;0;0.0;0.0;fraca
0;0;0.0;0.0;fraca
1;0;0.0;0.0;fraca
6;0;0.0;0.0;fraca
4;0;0.0;0.0;fraca
0;0;0.39;0.0;fraca
1;0;0.0;0.0;fraca
2;0;0.0;0.2;fraca
0;0;0.0;0.0;fraca
0;0;0.2;0.4;fraca
1;0;0.0;0.0;fraca
1;0;0.0;0.0;fraca
1;0;0.0;0.0;fraca
0;0;0.0;0.0;fraca
0;0;0.0;0.0;fraca
0;0;0.0;0.0;fraca
0;0;1.18;0.79;fraca
2;0;10.05;7.48;moderada
0;0;0.0;0.0;fraca
0;0;0.0;0.0;fraca
1;0;0.0;0.0;fraca
0;0;0.0;0.0;fraca
0;0;0.0;0.0;fraca
0;0;0.0;0.0;fraca
1;0;0.0;0.0;fraca
0;0;0.2;0.0;fraca
2;0;0.0;0.0;fraca
0;0;0.0;0.0;fraca
0;0;0.0;0.0;fraca
0;0;0.0;0.0;fraca
0;0;0.0;0.0;fraca
1;0;0.0;0.0;fraca
2;0;0.0;0.0;fraca
0;0;0.0;0.0;fraca
1;0;0.0;0.0;fraca
0;0;0.0;0.0;fraca
0;0;0.0;0.0;fraca
0;0;0.0;0.0;fraca
0;0;0.4;0.99;fraca
0;0;0.0;0.0;fraca
0;0;0.0;0.0;fraca
0;0;0.0;0.0;fraca
1;0;0.0;0.2;fraca
0;0;0.2;0.0;fraca
0;0;0.0;0.0;fraca
0;0;0.0;0.0;fraca
0;0;0.0;0.0;fraca
0;0;0.6;0.2;fraca
0;0;0.0;0.0;fraca
1;0;0.0;0.0;fraca
0;0;0.0;0.0;fraca
0;0;0.0;0.0;fraca
2;0;0.0;0.0;fraca
0;0;0.0;0.0;fraca
2;0;0.0;0.0;fraca
0;0;0.0;0.0;fraca
0;0;0.0;0.0;fraca
0;0;0.0;0.0;fraca
0;0;0.6;0.0;fraca
0;0;0.0;0.0;fraca
1;0;0.0;0.0;fraca
0;0;0.0;0.2;fraca
0;0;0.0;0.0;fraca
0;0;0.0;0.0;fraca
0;0;0.0;0.0;fraca
0;0;0.0;0.0;fraca
0;0;16.33;6.1;moderada
0;0;0.2;0.2;fraca
0;0;1.58;0.0;fraca
0;0;0.2;0.39;fraca
0;0;0.0;0.0;fraca
1;0;0.0;0.0;fraca
2;0;0.0;0.0;fraca
1;0;0.0;0.0;fraca
0;0;0.0;0.0;fraca
0;0;0.0;0.0;fraca
0;0;0.0;0.0;fraca
0;0;0.0;0.0;fraca
0;0;0.0;0.0;fraca
1;0;0.0;0.0;fraca
0;0;0.0;0.0;fraca
1;0;0.0;0.0;fraca
0;0;0.0;0.0;fraca
0;0;0.0;0.0;fraca
10;0;0.2;0.0;fraca
0;0;0.0;0.0;fraca
0;0;0.0;0.0;fraca
0;0;0.0;0.0;fraca
0;0;0.0;0.0;fraca
2;0;0.0;0.0;fraca
0;0;0.0;0.0;fraca
1;0;0.0;0.0;fraca
3;0;0.0;0.0;fraca
4;0;0.0;0.0;fraca
0;0;0.0;0.0;fraca
5;0;0.0;0.0;fraca
0;0;0.0;0.0;fraca
0;0;0.0;0.0;fraca
0;0;0.0;0.0;fraca
0;0;0.0;0.0;fraca
0;0;0.0;0.0;fraca
0;0;0.0;0.0;fraca
1;0;0.0;0.0;fraca
0;0;0.0;0.0;fraca
0;0;0.0;0.0;fraca
0;0;0.0;0.0;fraca
0;0;0.0;0.0;fraca
2;0;0.0;0.0;fraca
0;0;0.0;0.0;fraca
0;0;0.0;0.0;fraca
0;0;0.0;0.0;fraca
1;0;0.0;0.0;fraca
1;0;0.0;0.0;fraca
0;0;0.0;0.0;fraca
0;0;0.0;0.0;fraca
1;0;0.0;0.0;fraca
0;0;0.0;0.0;fraca
0;0;0.0;0.0;fraca
0;0;0.0;0.0;fraca
2;0;0.0;0.0;fraca
9;0;0.0;0.0;fraca
0;0;0.0;0.0;fraca
1;0;0.0;0.0;fraca
2;0;0.0;0.0;fraca
1;0;0.0;0.0;fraca
1;0;0.0;0.0;fraca
0;0;0.0;0.0;fraca
0;0;0.0;0.0;fraca
1;0;0.0;0.0;fraca
1;0;0.0;0.0;fraca
0;0;0.0;0.0;fraca
0;0;0.79;0.2;fraca
0;0;0.0;0.0;fraca
1;0;0.0;0.0;fraca
0;0;0.0;0.0;fraca
1;0;0.4;0.4;fraca
0;0;0.0;0.0;fraca
1;0;0.0;0.0;fraca
4;0;0.0;0.0;fraca
5;0;0.0;0.0;fraca
0;0;0.0;0.0;fraca
1;0;0.0;0.0;fraca
0;0;0.0;0.0;fraca
3;0;0.0;0.0;fraca
0;0;0.0;0.0;fraca
1;0;0.0;0.0;fraca
0;0;0.0;0.0;fraca
1;0;0.0;0.0;fraca
0;0;0.0;0.0;fraca
0;0;0.0;0.0;fraca
0;0;0.0;0.0;fraca
0;0;0.0;0.0;fraca
0;0;2.75;0.99;fraca
0;0;0.0;0.0;fraca
0;0;0.0;0.0;fraca
0;0;0.0;0.0;fraca
1;0;0.0;0.0;fraca
1;0;0.0;0.0;fraca
0;0;0.0;0.0;fraca
0;0;0.0;0.0;fraca
0;0;0.0;0.0;fraca
0;0;0.0;0.0;fraca
1;0;0.0;0.0;fraca
0;0;0.0;0.0;fraca
0;0;0.0;0.0;fraca
1;0;0.0;0.0;fraca
0;0;0.0;0.0;fraca
0;0;0.4;0.2;fraca
1;0;0.0;0.0;fraca
0;0;0.0;0.0;fraca
0;0;0.0;0.0;fraca
1;0;0.0;0.0;fraca
1;0;0.0;0.0;fraca
0;0;0.0;0.0;fraca
11;0;0.0;1.18;fraca
0;0;0.0;0.0;fraca
0;0;0.0;0.0;fraca
0;0;0.0;0.0;fraca
0;0;0.0;0.0;fraca
1;0;0.0;0.0;fraca
1;0;0.0;0.0;fraca
0;0;0.59;1.96;fraca
0;0;0.2;0.2;fraca
1;0;0.0;0.0;fraca
0;0;0.0;0.0;fraca
6;0;0.0;0.0;fraca
1;0;0.0;0.0;fraca
1;0;0.0;0.0;fraca
1;0;0.0;0.0;fraca
0;0;0.0;0.0;fraca
0;0;0.0;0.0;fraca
0;0;0.0;0.0;fraca
2;0;0.0;0.0;fraca
0;0;0.0;0.0;fraca
1;0;0.0;0.0;fraca
0;0;0.0;0.0;fraca
0;0;0.0;0.0;fraca
0;0;0.0;0.0;fraca
1;0;0.0;0.0;fraca
0;0;0.0;0.0;fraca
0;0;0.0;0.0;fraca
0;0;0.0;0.0;fraca
0;0;0.0;0.0;fraca
0;0;0.0;0.0;fraca
0;0;0.0;0.0;fraca
1;0;0.0;0.0;fraca
0;0;0.0;0.0;fraca
2;0;0.0;0.0;fraca
