hour;minute;tweets;related;rainfall (mm/30min);precision;recall;Next batch rainfall (mm/30min);Next batch rainfall class
7;0;0;0;0.0;0.0;0.0;0.0;fraca
16;0;4;0;0.0;0.0;0.0;0.0;fraca
17;30;1;0;0.0;0.0;0.0;0.0;fraca
13;30;1;0;0.2;0.0;0.0;0.0;fraca
4;30;1;0;0.0;0.0;0.0;0.0;fraca
9;30;0;0;0.0;0.0;0.0;0.0;fraca
6;0;0;0;0.0;0.0;0.0;0.0;fraca
12;0;1;0;0.0;0.0;0.0;0.0;fraca
3;0;0;0;0.0;0.0;0.0;0.0;fraca
13;30;0;0;0.0;0.0;0.0;0.0;fraca
0;0;2;0;0.0;0.0;0.0;0.0;fraca
23;0;0;0;0.39;0.0;0.0;0.2;fraca
0;0;4;0;0.0;0.0;0.0;0.0;fraca
5;30;0;0;0.0;0.0;0.0;0.0;fraca
17;0;2;0;0.0;0.0;0.0;0.0;fraca
0;0;2;0;0.0;0.0;0.0;0.0;fraca
23;0;3;0;0.0;0.0;0.0;0.0;fraca
22;0;15;0;0.0;0.0;0.0;0.0;fraca
3;30;0;0;0.0;0.0;0.0;1.18;fraca
17;0;0;0;0.0;0.0;0.0;0.0;fraca
11;0;7;0;0.2;0.0;0.0;0.2;fraca
19;0;5;0;1.18;0.0;0.0;2.95;moderada
21;30;0;0;0.0;0.0;0.0;0.0;fraca
17;30;0;0;0.0;0.0;0.0;0.0;fraca
18;0;1;0;0.0;0.0;0.0;0.0;fraca
8;0;2;0;0.0;0.0;0.0;0.0;fraca
21;0;4;0;0.0;0.0;0.0;0.0;fraca
9;0;5;0;0.0;0.0;0.0;0.0;fraca
7;0;4;0;0.0;0.0;0.0;0.0;fraca
10;0;3;0;0.0;0.0;0.0;0.0;fraca
7;30;0;0;0.0;0.0;0.0;0.98;fraca
18;30;1;0;0.0;0.0;0.0;0.0;fraca
3;30;0;0;0.0;0.0;0.0;0.0;fraca
20;0;1;0;0.0;0.0;0.0;0.0;fraca
23;30;4;0;0.0;0.0;0.0;0.0;fraca
4;30;0;0;0.4;0.0;0.0;0.0;fraca
13;30;2;0;0.0;0.0;0.0;0.0;fraca
20;30;16;0;0.0;0.0;0.0;0.0;fraca
22;30;5;0;0.0;0.0;0.0;0.0;fraca
10;0;4;0;0.0;0.0;0.0;0.0;fraca
3;30;0;0;0.0;0.0;0.0;0.0;fraca
0;0;1;0;0.0;0.0;0.0;0.0;fraca
10;30;2;0;0.0;0.0;0.0;0.0;fraca
12;0;5;0;0.0;0.0;0.0;0.0;fraca
6;0;6;0;0.0;0.0;0.0;0.0;fraca
10;0;0;0;0.0;0.0;0.0;0.0;fraca
4;0;0;0;1.18;0.0;0.0;0.79;fraca
11;30;5;0;0.0;0.0;0.0;0.0;fraca
21;30;3;0;0.0;0.0;0.0;0.0;fraca
12;0;0;0;0.0;0.0;0.0;0.0;fraca
8;0;0;0;0.0;0.0;0.0;0.0;fraca
18;30;0;0;0.0;0.0;0.0;0.0;fraca
5;0;23;0;0.0;0.0;0.0;0.0;fraca
4;0;1;0;0.0;0.0;0.0;0.0;fraca
11;0;5;0;0.98;0.0;0.0;0.2;fraca
2;30;0;0;0.0;0.0;0.0;0.0;fraca
22;0;0;0;0.0;0.0;0.0;0.0;fraca
12;30;8;0;0.0;0.0;0.0;0.0;fraca
20;30;3;0;0.0;0.0;0.0;0.0;fraca
10;30;1;0;0.0;0.0;0.0;0.0;fraca
3;30;0;0;0.0;0.0;0.0;0.0;fraca
22;30;1;0;0.0;0.0;0.0;0.0;fraca
7;30;0;0;0.0;0.0;0.0;0.0;fraca
6;0;1;0;0.0;0.0;0.0;0.0;fraca
14;0;0;0;0.0;0.0;0.0;0.0;fraca
21;30;0;0;0.0;0.0;0.0;0.0;fraca
22;30;1;0;0.0;0.0;0.0;0.0;fraca
10;30;1;0;0.0;0.0;0.0;0.0;fraca
22;0;0;0;0.0;0.0;0.0;0.0;fraca
2;0;0;0;0.0;0.0;0.0;0.0;fraca
9;30;1;0;0.0;0.0;0.0;0.0;fraca
2;0;1;0;0.0;0.0;0.0;0.0;fraca
22;0;0;0;0.0;0.0;0.0;0.0;fraca
8;30;1;0;0.0;0.0;0.0;0.0;fraca
2;30;0;0;0.0;0.0;0.0;0.0;fraca
18;0;2;0;0.0;0.0;0.0;0.0;fraca
15;0;2;0;0.0;0.0;0.0;0.0;fraca
6;0;0;0;0.0;0.0;0.0;0.0;fraca
13;0;1;0;0.0;0.0;0.0;0.2;fraca
0;0;2;0;1.38;0.0;0.0;0.59;fraca
5;30;0;0;0.0;0.0;0.0;0.0;fraca
18;30;1;0;0.0;0.0;0.0;0.0;fraca
23;30;2;0;0.0;0.0;0.0;0.0;fraca
14;30;2;0;0.0;0.0;0.0;0.0;fraca
1;0;0;0;0.2;0.0;0.0;0.79;fraca
4;30;0;0;0.0;0.0;0.0;0.0;fraca
9;0;0;0;0.0;0.0;0.0;0.0;fraca
9;0;5;0;0.0;0.0;0.0;0.0;fraca
4;30;0;0;0.0;0.0;0.0;0.0;fraca
22;0;0;0;0.0;0.0;0.0;0.59;fraca
1;30;0;0;0.0;0.0;0.0;0.0;fraca
3;30;0;0;0.0;0.0;0.0;0.0;fraca
2;30;0;0;0.0;0.0;0.0;0.0;fraca
16;30;0;0;0.0;0.0;0.0;0.0;fraca
9;30;0;0;0.0;0.0;0.0;0.0;fraca
14;30;0;0;0.0;0.0;0.0;0.0;fraca
0;30;0;0;0.0;0.0;0.0;0.0;fraca
21;0;0;0;0.0;0.0;0.0;0.0;fraca
5;0;1;0;0.0;0.0;0.0;0.0;fraca
5;0;0;0;0.0;0.0;0.0;0.0;fraca
4;0;0;0;0.0;0.0;0.0;0.0;fraca
23;30;4;0;0.0;0.0;0.0;0.0;fraca
2;30;1;0;0.2;0.0;0.0;0.0;fraca
10;30;0;0;0.0;0.0;0.0;0.0;fraca
3;0;0;0;0.0;0.0;0.0;0.0;fraca
14;30;1;0;0.0;0.0;0.0;0.0;fraca
10;30;2;0;0.0;0.0;0.0;0.0;fraca
10;30;1;0;0.0;0.0;0.0;0.0;fraca
2;30;3;0;0.0;0.0;0.0;0.0;fraca
0;30;1;0;0.0;0.0;0.0;0.0;fraca
11;0;1;0;0.0;0.0;0.0;0.0;fraca
17;30;1;0;0.0;0.0;0.0;0.0;fraca
4;30;0;0;0.0;0.0;0.0;0.0;fraca
13;30;11;0;0.0;0.0;0.0;0.79;fraca
7;30;1;0;0.0;0.0;0.0;0.0;fraca
6;30;2;0;0.0;0.0;0.0;0.0;fraca
8;30;0;0;0.0;0.0;0.0;0.0;fraca
9;30;1;0;0.0;0.0;0.0;0.0;fraca
2;0;0;0;0.0;0.0;0.0;0.0;fraca
1;30;0;0;0.0;0.0;0.0;0.0;fraca
1;0;2;0;0.0;0.0;0.0;0.0;fraca
17;0;1;0;0.0;0.0;0.0;0.0;fraca
12;0;12;0;0.0;0.0;0.0;0.0;fraca
18;0;1;0;0.0;0.0;0.0;0.0;fraca
17;30;2;0;0.0;0.0;0.0;0.0;fraca
23;0;0;0;0.0;0.0;0.0;0.0;fraca
12;30;3;0;0.0;0.0;0.0;0.0;fraca
0;0;2;0;0.0;0.0;0.0;0.0;fraca
9;0;0;0;0.0;0.0;0.0;0.0;fraca
15;0;1;0;0.0;0.0;0.0;0.0;fraca
11;0;0;0;0.2;0.0;0.0;0.2;fraca
15;30;1;0;0.0;0.0;0.0;0.0;fraca
4;0;0;0;0.0;0.0;0.0;0.0;fraca
17;0;1;0;0.0;0.0;0.0;0.0;fraca
8;0;1;0;0.0;0.0;0.0;0.0;fraca
23;0;11;0;0.0;0.0;0.0;0.0;fraca
18;30;1;0;0.0;0.0;0.0;0.0;fraca
23;0;1;0;2.16;0.0;0.0;5.71;moderada
19;30;2;0;0.0;0.0;0.0;0.0;fraca
23;0;4;0;0.0;0.0;0.0;0.0;fraca
19;0;0;0;0.39;0.0;0.0;0.98;fraca
16;30;3;0;0.0;0.0;0.0;0.0;fraca
8;30;2;0;0.0;0.0;0.0;0.0;fraca
6;0;0;0;0.0;0.0;0.0;0.0;fraca
16;0;0;0;0.0;0.0;0.0;0.0;fraca
13;0;0;0;0.0;0.0;0.0;0.0;fraca
16;30;1;0;0.0;0.0;0.0;0.0;fraca
7;0;0;0;0.0;0.0;0.0;0.0;fraca
14;30;1;0;0.0;0.0;0.0;0.0;fraca
19;0;3;0;0.0;0.0;0.0;0.0;fraca
18;0;0;0;0.0;0.0;0.0;0.0;fraca
3;0;0;0;0.78;0.0;0.0;10.43;moderada
17;0;0;0;0.0;0.0;0.0;0.0;fraca
1;0;0;0;0.0;0.0;0.0;0.0;fraca
2;0;8;0;0.0;0.0;0.0;0.0;fraca
3;0;0;0;0.0;0.0;0.0;0.0;fraca
22;30;0;0;0.2;0.0;0.0;0.39;fraca
18;0;2;0;0.0;0.0;0.0;0.0;fraca
16;30;0;0;0.0;0.0;0.0;0.0;fraca
2;0;0;0;0.0;0.0;0.0;0.0;fraca
15;0;5;0;0.0;0.0;0.0;0.0;fraca
21;30;11;0;0.0;0.0;0.0;0.0;fraca
16;0;0;0;0.0;0.0;0.0;0.0;fraca
14;0;2;0;0.0;0.0;0.0;0.0;fraca
14;0;1;0;0.0;0.0;0.0;0.0;fraca
18;0;2;0;0.0;0.0;0.0;0.2;fraca
3;30;0;0;0.0;0.0;0.0;0.0;fraca
17;0;0;0;0.0;0.0;0.0;0.0;fraca
5;0;1;0;0.0;0.0;0.0;0.0;fraca
20;0;3;0;0.0;0.0;0.0;0.0;fraca
14;30;1;0;0.0;0.0;0.0;0.0;fraca
1;0;0;0;0.0;0.0;0.0;0.0;fraca
10;0;1;0;0.0;0.0;0.0;0.0;fraca
0;0;0;0;0.98;0.0;0.0;0.0;fraca
10;0;0;0;0.0;0.0;0.0;0.0;fraca
0;30;3;0;0.0;0.0;0.0;0.0;fraca
10;30;1;0;0.0;0.0;0.0;0.0;fraca
21;0;8;0;0.2;0.0;0.0;0.0;fraca
17;30;0;0;0.79;0.0;0.0;0.39;fraca
21;0;4;0;0.0;0.0;0.0;0.0;fraca
3;30;0;0;0.0;0.0;0.0;0.0;fraca
6;0;1;0;0.0;0.0;0.0;0.0;fraca
19;30;1;0;0.0;0.0;0.0;0.0;fraca
4;0;0;0;0.0;0.0;0.0;0.0;fraca
13;30;5;0;0.0;0.0;0.0;0.0;fraca
15;30;0;0;0.0;0.0;0.0;0.0;fraca
16;30;0;0;0.0;0.0;0.0;0.0;fraca
0;0;0;0;0.0;0.0;0.0;0.0;fraca
6;30;1;0;0.0;0.0;0.0;0.0;fraca
3;30;0;0;0.0;0.0;0.0;0.0;fraca
13;30;0;0;0.0;0.0;0.0;0.0;fraca
12;0;2;0;0.0;0.0;0.0;0.0;fraca
20;0;1;0;0.0;0.0;0.0;0.0;fraca
22;30;2;0;0.0;0.0;0.0;0.0;fraca
2;0;0;0;0.0;0.0;0.0;0.2;fraca
11;30;0;0;0.0;0.0;0.0;0.0;fraca
9;30;0;0;0.4;0.0;0.0;0.2;fraca
7;0;0;0;0.0;0.0;0.0;0.0;fraca
14;0;1;0;0.0;0.0;0.0;0.0;fraca
2;0;3;0;0.0;0.0;0.0;0.0;fraca
18;0;1;0;0.0;0.0;0.0;0.0;fraca
4;0;0;0;0.0;0.0;0.0;0.0;fraca
9;30;0;0;0.0;0.0;0.0;0.0;fraca
2;30;1;0;0.0;0.0;0.0;0.0;fraca
13;30;2;0;0.0;0.0;0.0;0.0;fraca
21;30;0;0;0.0;0.0;0.0;0.0;fraca
1;0;2;0;0.0;0.0;0.0;0.0;fraca
13;30;3;0;0.0;0.0;0.0;0.0;fraca
6;0;1;0;0.0;0.0;0.0;0.0;fraca
10;0;0;0;0.4;0.0;0.0;0.0;fraca
10;0;4;0;0.0;0.0;0.0;0.0;fraca
16;0;0;0;0.0;0.0;0.0;0.0;fraca
21;0;3;0;0.0;0.0;0.0;0.0;fraca
23;0;4;0;0.0;0.0;0.0;0.0;fraca
13;30;1;0;0.0;0.0;0.0;0.0;fraca
14;30;0;0;0.0;0.0;0.0;0.0;fraca
7;30;0;0;0.0;0.0;0.0;0.0;fraca
9;0;1;0;0.0;0.0;0.0;0.0;fraca
6;30;1;0;0.0;0.0;0.0;0.0;fraca
11;30;0;0;0.0;0.0;0.0;0.0;fraca
10;0;4;0;0.0;0.0;0.0;0.0;fraca
12;30;2;0;0.0;0.0;0.0;0.0;fraca
9;30;3;0;0.0;0.0;0.0;0.0;fraca
21;0;2;0;0.0;0.0;0.0;0.0;fraca
20;30;8;0;0.0;0.0;0.0;0.0;fraca
11;30;0;0;0.0;0.0;0.0;0.0;fraca
11;30;3;0;0.2;0.0;0.0;0.2;fraca
17;0;0;0;0.0;0.0;0.0;0.0;fraca
6;30;0;0;0.0;0.0;0.0;0.0;fraca
18;30;0;0;0.0;0.0;0.0;0.0;fraca
21;30;1;0;0.0;0.0;0.0;0.0;fraca
9;30;1;0;0.0;0.0;0.0;0.0;fraca
15;30;1;0;0.0;0.0;0.0;0.0;fraca
3;0;0;0;0.0;0.0;0.0;0.0;fraca
5;30;2;0;0.0;0.0;0.0;0.0;fraca
7;30;2;0;0.0;0.0;0.0;0.0;fraca
15;0;1;0;0.0;0.0;0.0;0.0;fraca
22;30;2;0;0.0;0.0;0.0;0.0;fraca
21;30;3;0;0.0;0.0;0.0;0.0;fraca
21;0;1;0;0.0;0.0;0.0;0.0;fraca
22;0;1;0;0.0;0.0;0.0;0.0;fraca
9;0;0;0;0.0;0.0;0.0;0.0;fraca
3;0;0;0;0.0;0.0;0.0;0.0;fraca
9;0;1;0;0.0;0.0;0.0;0.0;fraca
13;0;0;0;0.0;0.0;0.0;0.0;fraca
5;30;3;0;0.0;0.0;0.0;0.0;fraca
12;30;1;0;0.0;0.0;0.0;0.0;fraca
3;30;0;0;0.0;0.0;0.0;0.0;fraca
7;30;2;0;0.0;0.0;0.0;0.0;fraca
15;30;0;0;0.0;0.0;0.0;0.0;fraca
5;30;0;0;0.0;0.0;0.0;0.0;fraca
0;30;0;0;0.0;0.0;0.0;0.0;fraca
7;30;1;0;0.0;0.0;0.0;0.0;fraca
15;30;3;0;0.0;0.0;0.0;0.0;fraca
18;30;4;0;0.0;0.0;0.0;0.0;fraca
20;0;3;0;0.0;0.0;0.0;0.0;fraca
3;0;0;0;0.0;0.0;0.0;0.0;fraca
18;0;1;0;0.0;0.0;0.0;0.0;fraca
5;0;1;0;0.0;0.0;0.0;0.0;fraca
2;30;0;0;0.0;0.0;0.0;0.0;fraca
5;30;0;0;0.0;0.0;0.0;0.0;fraca
21;30;0;0;0.0;0.0;0.0;0.0;fraca
9;30;1;0;0.0;0.0;0.0;0.0;fraca
2;30;0;0;0.0;0.0;0.0;0.0;fraca
6;30;0;0;0.0;0.0;0.0;0.0;fraca
7;0;12;0;0.0;0.0;0.0;0.0;fraca
23;30;3;0;0.0;0.0;0.0;0.0;fraca
0;30;3;0;1.77;0.0;0.0;1.77;fraca
8;30;2;0;0.0;0.0;0.0;0.0;fraca
15;0;1;0;0.0;0.0;0.0;0.0;fraca
20;0;1;0;0.0;0.0;0.0;0.0;fraca
21;30;1;0;0.0;0.0;0.0;0.0;fraca
2;0;0;0;0.0;0.0;0.0;0.0;fraca
1;30;11;0;0.0;0.0;0.0;0.0;fraca
10;0;0;0;0.0;0.0;0.0;0.0;fraca
20;0;1;0;0.0;0.0;0.0;0.0;fraca
2;30;2;0;0.2;0.0;0.0;0.2;fraca
23;30;0;0;5.71;0.0;0.0;1.38;fraca
23;30;3;0;0.0;0.0;0.0;0.0;fraca
17;0;2;0;0.0;0.0;0.0;0.0;fraca
20;30;0;0;0.0;0.0;0.0;0.0;fraca
11;30;0;0;0.0;0.0;0.0;0.0;fraca
9;0;0;0;0.0;0.0;0.0;0.2;fraca
10;0;20;0;0.0;0.0;0.0;0.0;fraca
11;0;0;0;0.0;0.0;0.0;0.0;fraca
15;0;1;0;0.0;0.0;0.0;0.0;fraca
16;0;0;0;0.0;0.0;0.0;0.0;fraca
21;0;2;0;0.0;0.0;0.0;0.0;fraca
18;0;0;0;0.0;0.0;0.0;0.0;fraca
4;30;9;0;0.0;0.0;0.0;0.0;fraca
19;0;2;0;0.0;0.0;0.0;0.0;fraca
8;30;2;0;0.0;0.0;0.0;0.0;fraca
13;30;0;0;0.0;0.0;0.0;0.0;fraca
17;30;2;0;0.0;0.0;0.0;0.0;fraca
13;0;3;0;0.0;0.0;0.0;0.0;fraca
6;0;0;0;0.0;0.0;0.0;0.0;fraca
21;30;2;0;0.0;0.0;0.0;0.0;fraca
23;30;0;0;0.0;0.0;0.0;0.0;fraca
11;30;0;0;0.0;0.0;0.0;0.0;fraca
16;0;1;0;0.0;0.0;0.0;0.0;fraca
1;0;0;0;0.0;0.0;0.0;0.0;fraca
0;30;2;0;0.4;0.0;0.0;0.0;fraca
7;0;0;0;0.0;0.0;0.0;0.0;fraca
19;30;5;0;0.0;0.0;0.0;0.0;fraca
12;30;2;0;0.0;0.0;0.0;0.0;fraca
8;30;2;0;0.0;0.0;0.0;0.0;fraca
15;30;0;0;0.0;0.0;0.0;0.0;fraca
15;30;4;0;0.0;0.0;0.0;0.0;fraca
1;0;0;0;0.0;0.0;0.0;0.0;fraca
23;0;2;0;0.0;0.0;0.0;0.0;fraca
17;30;3;0;0.0;0.0;0.0;0.0;fraca
12;30;0;0;0.0;0.0;0.0;0.0;fraca
5;0;0;0;0.79;0.0;0.0;2.36;fraca
3;0;0;0;0.0;0.0;0.0;0.0;fraca
23;30;25;0;0.0;0.0;0.0;0.0;fraca
16;30;3;0;0.2;0.0;0.0;0.99;fraca
18;0;0;0;0.0;0.0;0.0;0.0;fraca
3;0;1;0;0.0;0.0;0.0;0.0;fraca
7;30;0;0;0.0;0.0;0.0;0.0;fraca
12;0;2;0;0.0;0.0;0.0;0.0;fraca
23;30;3;0;0.0;0.0;0.0;0.0;fraca
0;0;0;0;0.0;0.0;0.0;0.0;fraca
3;0;7;0;0.0;0.0;0.0;0.0;fraca
19;30;2;0;0.0;0.0;0.0;0.0;fraca
1;0;0;0;0.0;0.0;0.0;0.0;fraca
14;30;1;0;0.0;0.0;0.0;0.0;fraca
7;30;0;0;0.0;0.0;0.0;0.0;fraca
17;0;0;0;0.0;0.0;0.0;0.0;fraca
1;30;0;0;0.0;0.0;0.0;0.0;fraca
19;30;2;0;0.0;0.0;0.0;0.0;fraca
13;0;3;0;0.0;0.0;0.0;0.0;fraca
17;30;1;0;0.0;0.0;0.0;0.0;fraca
14;30;0;0;0.0;0.0;0.0;0.0;fraca
5;0;0;0;0.2;0.0;0.0;0.98;fraca
7;30;0;0;0.0;0.0;0.0;0.0;fraca
17;0;4;0;0.0;0.0;0.0;0.0;fraca
20;0;1;0;0.0;0.0;0.0;0.0;fraca
22;0;2;0;0.0;0.0;0.0;0.0;fraca
5;0;0;0;0.0;0.0;0.0;0.0;fraca
2;0;1;0;0.0;0.0;0.0;0.0;fraca
8;30;3;0;0.2;0.0;0.0;0.59;fraca
22;0;1;0;0.0;0.0;0.0;0.0;fraca
9;30;4;0;0.0;0.0;0.0;0.0;fraca
7;0;0;0;0.0;0.0;0.0;0.0;fraca
7;0;3;0;0.0;0.0;0.0;0.0;fraca
0;30;2;0;0.0;0.0;0.0;0.0;fraca
0;30;1;0;0.0;0.0;0.0;0.0;fraca
8;30;1;0;0.0;0.0;0.0;0.0;fraca
0;0;1;0;0.0;0.0;0.0;0.0;fraca
12;30;6;0;0.0;0.0;0.0;0.0;fraca
16;30;1;0;0.0;0.0;0.0;0.0;fraca
5;30;1;0;0.0;0.0;0.0;0.0;fraca
14;0;0;0;0.0;0.0;0.0;0.0;fraca
0;30;4;0;0.0;0.0;0.0;0.0;fraca
13;0;2;0;0.0;0.0;0.0;0.0;fraca
6;0;1;0;0.0;0.0;0.0;0.0;fraca
17;0;0;0;0.0;0.0;0.0;0.0;fraca
13;30;0;0;0.0;0.0;0.0;0.0;fraca
18;0;9;0;0.0;0.0;0.0;0.0;fraca
18;0;0;0;0.0;0.0;0.0;0.0;fraca
1;30;2;0;0.0;0.0;0.0;0.0;fraca
19;0;1;0;0.0;0.0;0.0;0.0;fraca
11;0;0;0;0.0;0.0;0.0;0.0;fraca
6;30;4;0;0.0;0.0;0.0;0.0;fraca
13;30;2;0;0.0;0.0;0.0;0.0;fraca
4;0;0;0;0.0;0.0;0.0;0.0;fraca
12;0;2;0;0.0;0.0;0.0;0.0;fraca
14;0;0;0;0.0;0.0;0.0;0.0;fraca
12;0;1;0;0.0;0.0;0.0;0.0;fraca
16;30;2;0;0.0;0.0;0.0;0.0;fraca
6;30;0;0;0.59;0.0;0.0;0.4;fraca
15;0;12;0;0.0;0.0;0.0;0.0;fraca
11;30;0;0;0.2;0.0;0.0;0.0;fraca
22;30;0;0;0.0;0.0;0.0;0.0;fraca
20;0;2;0;0.0;0.0;0.0;0.0;fraca
23;30;2;0;0.0;0.0;0.0;2.17;fraca
0;30;0;0;0.0;0.0;0.0;0.0;fraca
23;30;0;0;0.79;0.0;0.0;0.98;fraca
8;0;1;0;0.0;0.0;0.0;0.0;fraca
2;30;0;0;0.0;0.0;0.0;0.0;fraca
21;30;0;0;0.0;0.0;0.0;0.0;fraca
22;30;0;0;0.0;0.0;0.0;0.0;fraca
9;0;0;0;2.36;0.0;0.0;1.37;fraca
19;0;2;0;0.0;0.0;0.0;0.0;fraca
18;30;1;0;0.0;0.0;0.0;0.0;fraca
12;0;0;0;0.0;0.0;0.0;0.0;fraca
10;30;4;0;0.0;0.0;0.0;0.0;fraca
15;30;1;0;0.0;0.0;0.0;0.0;fraca
12;0;1;0;0.0;0.0;0.0;0.0;fraca
9;30;1;0;0.0;0.0;0.0;0.0;fraca
23;0;6;0;0.0;0.0;0.0;0.0;fraca
17;30;0;0;0.0;0.0;0.0;0.0;fraca
12;0;2;0;0.0;0.0;0.0;0.0;fraca
17;30;1;0;0.0;0.0;0.0;0.0;fraca
1;0;0;0;0.0;0.0;0.0;0.0;fraca
14;0;1;0;0.0;0.0;0.0;0.0;fraca
5;0;0;0;0.0;0.0;0.0;0.0;fraca
8;30;1;0;0.0;0.0;0.0;0.0;fraca
19;30;3;0;0.0;0.0;0.0;0.0;fraca
22;30;0;0;0.0;0.0;0.0;0.0;fraca
11;30;2;0;0.0;0.0;0.0;0.0;fraca
20;30;4;0;0.4;0.0;0.0;0.0;fraca
23;30;4;0;0.0;0.0;0.0;0.0;fraca
15;0;1;0;0.0;0.0;0.0;0.0;fraca
10;0;0;0;0.0;0.0;0.0;0.0;fraca
4;30;0;0;0.0;0.0;0.0;0.0;fraca
18;0;0;0;0.0;0.0;0.0;0.0;fraca
3;30;2;0;0.0;0.0;0.0;0.0;fraca
21;0;0;0;0.0;0.0;0.0;0.0;fraca
16;30;1;0;0.0;0.0;0.0;0.0;fraca
2;30;0;0;0.0;0.0;0.0;0.0;fraca
1;30;0;0;0.0;0.0;0.0;0.0;fraca
12;30;2;0;0.0;0.0;0.0;0.0;fraca
6;30;0;0;0.0;0.0;0.0;0.0;fraca
12;30;9;0;0.0;0.0;0.0;0.0;fraca
18;30;0;0;0.0;0.0;0.0;0.0;fraca
3;0;0;0;0.0;0.0;0.0;0.0;fraca
22;0;5;0;0.0;0.0;0.0;0.0;fraca
22;30;0;0;0.0;0.0;0.0;0.0;fraca
19;0;2;0;0.0;0.0;0.0;0.0;fraca
23;30;0;0;0.2;0.0;0.0;0.2;fraca
7;30;0;0;0.0;0.0;0.0;0.0;fraca
16;30;0;0;0.0;0.0;0.0;0.0;fraca
1;0;1;0;0.0;0.0;0.0;0.0;fraca
13;0;1;0;0.0;0.0;0.0;0.0;fraca
9;0;0;0;0.0;0.0;0.0;0.0;fraca
2;30;0;0;0.0;0.0;0.0;1.57;fraca
7;30;1;0;0.0;0.0;0.0;0.0;fraca
11;0;1;0;0.0;0.0;0.0;0.0;fraca
12;0;7;0;0.0;0.0;0.0;0.0;fraca
1;0;3;0;0.0;0.0;0.0;0.0;fraca
20;30;4;0;0.0;0.0;0.0;0.0;fraca
5;0;0;0;0.0;0.0;0.0;0.0;fraca
1;0;0;0;0.0;0.0;0.0;0.0;fraca
15;0;1;0;0.0;0.0;0.0;0.0;fraca
17;30;0;0;0.0;0.0;0.0;0.4;fraca
18;30;3;0;0.0;0.0;0.0;0.0;fraca
19;30;0;0;0.0;0.0;0.0;0.0;fraca
19;0;0;0;0.0;0.0;0.0;0.2;fraca
7;30;0;0;0.0;0.0;0.0;0.0;fraca
0;0;1;0;0.0;0.0;0.0;0.4;fraca
19;0;3;0;0.2;0.0;0.0;0.0;fraca
8;30;0;0;0.0;0.0;0.0;0.0;fraca
0;0;6;0;0.0;0.0;0.0;0.0;fraca
5;0;1;0;0.0;0.0;0.0;0.0;fraca
1;30;0;0;0.0;0.0;0.0;0.0;fraca
11;30;2;0;0.0;0.0;0.0;0.0;fraca
2;30;1;0;0.0;0.0;0.0;0.0;fraca
11;30;0;0;0.0;0.0;0.0;0.0;fraca
10;30;0;0;0.0;0.0;0.0;0.0;fraca
19;30;0;0;0.0;0.0;0.0;0.0;fraca
9;0;1;0;0.0;0.0;0.0;0.0;fraca
15;0;1;0;0.0;0.0;0.0;0.0;fraca
21;0;1;0;0.0;0.0;0.0;0.0;fraca
5;0;0;0;0.0;0.0;0.0;0.0;fraca
2;0;0;0;0.0;0.0;0.0;0.0;fraca
8;0;4;0;0.0;0.0;0.0;0.0;fraca
16;30;3;0;0.0;0.0;0.0;3.75;moderada
11;0;4;0;0.0;0.0;0.0;0.0;fraca
19;0;0;0;0.0;0.0;0.0;0.0;fraca
3;0;0;0;0.2;0.0;0.0;0.0;fraca
12;30;4;0;0.0;0.0;0.0;0.0;fraca
18;30;1;0;0.0;0.0;0.0;0.0;fraca
1;30;0;0;0.0;0.0;0.0;0.0;fraca
18;30;0;0;0.0;0.0;0.0;0.0;fraca
14;0;3;0;0.0;0.0;0.0;0.0;fraca
23;0;2;0;0.0;0.0;0.0;0.0;fraca
5;30;0;0;0.0;0.0;0.0;0.0;fraca
3;0;0;0;0.0;0.0;0.0;0.0;fraca
13;30;2;0;0.0;0.0;0.0;0.0;fraca
16;30;10;0;0.0;0.0;0.0;0.0;fraca
7;0;0;0;3.73;0.0;0.0;0.79;fraca
8;30;0;0;0.0;0.0;0.0;0.0;fraca
23;0;9;0;0.0;0.0;0.0;0.0;fraca
3;30;0;0;0.0;0.0;0.0;0.2;fraca
3;30;0;0;0.0;0.0;0.0;0.0;fraca
3;30;0;0;0.0;0.0;0.0;0.0;fraca
19;30;1;0;0.0;0.0;0.0;0.0;fraca
4;0;0;0;0.0;0.0;0.0;0.0;fraca
15;30;0;0;0.0;0.0;0.0;0.0;fraca
7;0;0;0;0.0;0.0;0.0;0.0;fraca
16;30;0;0;0.0;0.0;0.0;0.0;fraca
16;30;2;0;0.0;0.0;0.0;0.0;fraca
3;0;0;0;0.0;0.0;0.0;0.0;fraca
19;30;1;0;0.0;0.0;0.0;0.0;fraca
9;0;0;0;0.0;0.0;0.0;0.0;fraca
15;0;0;0;0.0;0.0;0.0;0.0;fraca
20;0;2;0;0.0;0.0;0.0;0.0;fraca
14;0;3;0;0.0;0.0;0.0;0.0;fraca
3;0;1;0;0.0;0.0;0.0;0.0;fraca
4;0;0;0;0.0;0.0;0.0;0.0;fraca
20;0;3;0;0.4;0.0;0.0;0.79;fraca
1;0;0;0;0.0;0.0;0.0;0.0;fraca
23;0;0;0;0.0;0.0;0.0;0.0;fraca
4;0;0;0;0.0;0.0;0.0;0.4;fraca
19;0;0;0;0.39;0.0;0.0;0.2;fraca
20;30;1;0;0.2;0.0;0.0;0.0;fraca
0;30;1;0;0.59;0.0;0.0;0.2;fraca
15;0;3;0;0.0;0.0;0.0;0.0;fraca
11;30;2;0;0.0;0.0;0.0;0.0;fraca
14;0;1;0;0.0;0.0;0.0;0.0;fraca
22;0;5;0;0.0;0.0;0.0;0.0;fraca
20;0;2;0;6.49;0.0;0.0;0.2;fraca
1;30;1;0;0.0;0.0;0.0;0.0;fraca
2;0;0;0;0.0;0.0;0.0;0.0;fraca
14;0;0;0;0.0;0.0;0.0;0.0;fraca
23;0;3;0;0.0;0.0;0.0;0.0;fraca
14;0;2;0;0.0;0.0;0.0;0.0;fraca
10;0;4;0;0.0;0.0;0.0;0.0;fraca
8;0;0;0;0.0;0.0;0.0;0.0;fraca
1;0;3;0;0.0;0.0;0.0;0.0;fraca
20;30;1;0;0.0;0.0;0.0;0.0;fraca
6;30;1;0;1.57;0.0;0.0;0.2;fraca
19;30;0;0;0.2;0.0;0.0;5.71;moderada
11;30;0;0;0.0;0.0;0.0;0.0;fraca
18;0;3;0;0.0;0.0;0.0;0.0;fraca
22;30;2;0;0.0;0.0;0.0;0.0;fraca
11;0;2;0;0.0;0.0;0.0;0.0;fraca
12;0;1;0;0.0;0.0;0.0;0.0;fraca
6;30;0;0;0.0;0.0;0.0;0.0;fraca
13;0;1;0;0.0;0.0;0.0;0.0;fraca
18;30;3;0;0.0;0.0;0.0;0.0;fraca
19;30;5;0;0.0;0.0;0.0;0.0;fraca
18;30;2;0;0.0;0.0;0.0;0.0;fraca
0;0;13;0;0.0;0.0;0.0;0.0;fraca
17;0;6;0;0.0;0.0;0.0;0.0;fraca
21;0;1;0;0.0;0.0;0.0;0.0;fraca
23;0;2;0;0.0;0.0;0.0;0.0;fraca
1;30;0;0;0.0;0.0;0.0;0.0;fraca
21;0;6;0;0.0;0.0;0.0;0.0;fraca
5;0;0;0;0.0;0.0;0.0;0.0;fraca
10;0;1;0;0.0;0.0;0.0;0.0;fraca
2;0;0;0;0.0;0.0;0.0;0.0;fraca
6;30;0;0;0.0;0.0;0.0;0.0;fraca
3;0;0;0;0.0;0.0;0.0;0.0;fraca
19;0;1;0;0.0;0.0;0.0;0.0;fraca
13;0;1;0;0.0;0.0;0.0;0.0;fraca
6;0;0;0;0.0;0.0;0.0;0.0;fraca
0;30;3;0;0.0;0.0;0.0;0.0;fraca
20;30;5;0;0.0;0.0;0.0;0.2;fraca
1;30;0;0;0.0;0.0;0.0;0.0;fraca
19;30;2;0;0.0;0.0;0.0;0.0;fraca
16;0;0;0;0.0;0.0;0.0;0.0;fraca
5;30;0;0;0.0;0.0;0.0;0.0;fraca
4;30;0;0;0.0;0.0;0.0;0.0;fraca
21;30;0;0;2.35;0.0;0.0;0.6;fraca
15;30;0;0;0.0;0.0;0.0;0.0;fraca
17;30;2;0;0.0;0.0;0.0;0.0;fraca
9;30;1;0;0.0;0.0;0.0;0.0;fraca
9;30;3;0;0.0;0.0;0.0;0.0;fraca
1;0;0;0;1.77;0.0;0.0;0.0;fraca
16;30;1;0;0.0;0.0;0.0;0.0;fraca
8;0;0;0;0.0;0.0;0.0;0.0;fraca
7;0;3;0;0.0;0.0;0.0;0.0;fraca
9;30;2;0;0.0;0.0;0.0;0.0;fraca
5;30;0;0;0.0;0.0;0.0;0.0;fraca
5;30;2;0;0.0;0.0;0.0;0.0;fraca
6;30;2;0;0.0;0.0;0.0;0.0;fraca
10;0;0;0;0.0;0.0;0.0;0.0;fraca
3;30;0;0;0.0;0.0;0.0;0.0;fraca
10;30;1;0;0.6;0.0;0.0;0.2;fraca
20;0;1;0;0.0;0.0;0.0;0.0;fraca
6;0;0;0;0.0;0.0;0.0;0.0;fraca
18;30;1;0;0.0;0.0;0.0;0.0;fraca
3;0;0;0;0.2;0.0;0.0;0.2;fraca
20;30;0;0;0.0;0.0;0.0;0.0;fraca
16;0;0;0;0.0;0.0;0.0;0.0;fraca
14;0;0;0;0.0;0.0;0.0;0.0;fraca
2;30;1;0;0.0;0.0;0.0;0.2;fraca
5;30;1;0;0.98;0.0;0.0;0.78;fraca
11;30;0;0;0.0;0.0;0.0;0.0;fraca
3;30;0;0;0.0;0.0;0.0;0.0;fraca
18;30;1;0;0.2;0.0;0.0;0.39;fraca
7;0;1;0;0.0;0.0;0.0;0.0;fraca
5;30;0;0;0.0;0.0;0.0;0.0;fraca
13;0;0;0;0.0;0.0;0.0;0.0;fraca
12;0;0;0;0.0;0.0;0.0;0.0;fraca
14;0;0;0;0.0;0.0;0.0;0.0;fraca
9;0;1;0;0.0;0.0;0.0;0.0;fraca
8;30;0;0;0.0;0.0;0.0;0.0;fraca
20;0;1;0;0.0;0.0;0.0;0.0;fraca
6;0;0;0;0.0;0.0;0.0;0.4;fraca
21;0;1;0;0.0;0.0;0.0;0.0;fraca
10;0;1;0;0.0;0.0;0.0;0.0;fraca
6;0;0;0;0.0;0.0;0.0;0.0;fraca
2;0;3;0;0.0;0.0;0.0;0.0;fraca
23;30;1;0;0.0;0.0;0.0;0.0;fraca
8;0;5;0;0.0;0.0;0.0;0.0;fraca
10;0;0;0;0.0;0.0;0.0;0.0;fraca
1;0;5;0;0.0;0.0;0.0;0.0;fraca
19;0;1;0;0.0;0.0;0.0;0.0;fraca
13;0;2;0;0.0;0.0;0.0;0.0;fraca
19;30;2;0;0.0;0.0;0.0;0.0;fraca
7;30;1;0;0.79;0.0;0.0;0.59;fraca
18;0;1;0;0.2;0.0;0.0;0.0;fraca
22;30;0;0;0.59;0.0;0.0;1.18;fraca
19;30;4;0;0.0;0.0;0.0;0.0;fraca
2;30;0;0;0.0;0.0;0.0;0.0;fraca
10;0;1;0;0.0;0.0;0.0;0.0;fraca
21;30;1;0;0.0;0.0;0.0;0.0;fraca
22;30;6;0;0.0;0.0;0.0;0.0;fraca
14;30;2;0;0.0;0.0;0.0;0.0;fraca
21;30;1;0;0.0;0.0;0.0;0.0;fraca
15;30;2;0;0.0;0.0;0.0;0.0;fraca
20;0;9;0;0.0;0.0;0.0;0.0;fraca
1;0;0;0;0.0;0.0;0.0;0.0;fraca
15;0;0;0;0.2;0.0;0.0;0.6;fraca
15;30;0;0;0.0;0.0;0.0;0.0;fraca
8;0;0;0;0.0;0.0;0.0;0.0;fraca
10;30;9;0;0.0;0.0;0.0;0.98;fraca
18;0;2;0;0.0;0.0;0.0;0.0;fraca
19;0;2;0;0.0;0.0;0.0;0.0;fraca
10;30;1;0;0.0;0.0;0.0;0.0;fraca
5;30;0;0;0.0;0.0;0.0;0.0;fraca
18;0;0;0;0.0;0.0;0.0;0.0;fraca
1;30;0;0;0.0;0.0;0.0;0.0;fraca
0;30;4;0;0.0;0.0;0.0;0.0;fraca
9;30;2;0;0.0;0.0;0.0;0.0;fraca
15;0;5;0;0.0;0.0;0.0;0.0;fraca
9;30;0;0;0.0;0.0;0.0;0.0;fraca
2;0;0;0;0.0;0.0;0.0;0.0;fraca
12;0;0;0;0.0;0.0;0.0;0.0;fraca
5;30;1;0;0.0;0.0;0.0;0.0;fraca
19;0;1;0;0.0;0.0;0.0;0.0;fraca
15;30;0;0;0.6;0.0;0.0;0.2;fraca
11;30;1;0;0.0;0.0;0.0;0.0;fraca
18;30;3;0;0.0;0.0;0.0;0.0;fraca
14;0;0;0;0.0;0.0;0.0;0.0;fraca
8;30;1;0;0.0;0.0;0.0;0.0;fraca
20;30;1;0;0.0;0.0;0.0;0.0;fraca
11;30;3;0;0.0;0.0;0.0;0.0;fraca
21;30;0;0;0.0;0.0;0.0;0.0;fraca
11;30;5;0;0.0;0.0;0.0;0.0;fraca
17;0;0;0;0.0;0.0;0.0;0.0;fraca
19;30;2;0;0.2;0.0;0.0;0.0;fraca
8;30;2;0;0.0;0.0;0.0;0.0;fraca
9;0;0;0;0.0;0.0;0.0;0.0;fraca
0;30;2;0;0.0;0.0;0.0;0.0;fraca
8;0;0;0;0.0;0.0;0.0;0.0;fraca
12;0;12;0;0.0;0.0;0.0;0.0;fraca
8;30;2;0;0.0;0.0;0.0;0.0;fraca
23;30;1;0;0.0;0.0;0.0;0.0;fraca
3;0;0;0;0.0;0.0;0.0;0.0;fraca
13;30;3;0;0.0;0.0;0.0;0.0;fraca
15;0;3;0;0.0;0.0;0.0;0.0;fraca
8;0;0;0;0.0;0.0;0.0;0.0;fraca
21;30;3;0;0.0;0.0;0.0;0.0;fraca
18;0;2;0;0.4;0.0;0.0;0.2;fraca
10;0;1;0;0.0;0.0;0.0;0.0;fraca
5;30;0;0;0.0;0.0;0.0;0.0;fraca
1;30;0;0;0.0;0.0;0.0;0.0;fraca
12;30;0;0;0.0;0.0;0.0;0.0;fraca
17;30;0;0;0.0;0.0;0.0;0.0;fraca
6;0;1;0;0.0;0.0;0.0;0.0;fraca
14;30;1;0;0.0;0.0;0.0;0.0;fraca
16;0;1;0;0.0;0.0;0.0;0.0;fraca
22;30;0;0;0.0;0.0;0.0;0.0;fraca
20;30;1;0;0.2;0.0;0.0;0.0;fraca
16;0;0;0;0.0;0.0;0.0;0.0;fraca
1;0;2;0;0.0;0.0;0.0;0.0;fraca
11;30;0;0;0.0;0.0;0.0;0.0;fraca
4;0;0;0;0.0;0.0;0.0;0.0;fraca
21;0;2;0;0.0;0.0;0.0;0.0;fraca
4;0;0;0;0.2;0.0;0.0;0.0;fraca
17;0;1;0;0.0;0.0;0.0;23.58;forte
14;30;0;0;0.0;0.0;0.0;0.0;fraca
13;30;1;0;0.0;0.0;0.0;0.0;fraca
2;30;0;0;0.0;0.0;0.0;0.0;fraca
11;0;0;0;0.0;0.0;0.0;0.0;fraca
7;0;2;0;0.0;0.0;0.0;0.0;fraca
22;0;3;0;0.0;0.0;0.0;0.0;fraca
3;0;0;0;0.0;0.0;0.0;0.0;fraca
22;0;1;0;0.0;0.0;0.0;0.0;fraca
5;0;0;0;0.0;0.0;0.0;0.0;fraca
6;0;0;0;0.0;0.0;0.0;0.0;fraca
17;0;0;0;0.0;0.0;0.0;0.0;fraca
15;30;0;0;0.0;0.0;0.0;0.0;fraca
16;0;1;0;0.0;0.0;0.0;0.0;fraca
4;0;0;0;0.0;0.0;0.0;0.2;fraca
21;30;1;0;0.0;0.0;0.0;0.0;fraca
8;30;0;0;0.0;0.0;0.0;0.0;fraca
21;0;0;0;3.73;0.0;0.0;2.35;fraca
7;30;1;0;0.0;0.0;0.0;0.0;fraca
5;30;5;0;0.0;0.0;0.0;0.0;fraca
7;0;3;0;0.0;0.0;0.0;0.0;fraca
0;0;1;0;0.0;0.0;0.0;0.0;fraca
21;0;1;0;1.18;0.0;0.0;2.56;moderada
15;0;3;0;0.0;0.0;0.0;0.0;fraca
11;0;0;0;0.0;0.0;0.0;0.0;fraca
4;0;0;0;0.0;0.0;0.0;0.0;fraca
12;0;1;0;0.0;0.0;0.0;0.0;fraca
8;30;3;0;0.0;0.0;0.0;0.0;fraca
23;0;3;0;0.0;0.0;0.0;0.0;fraca
4;30;0;0;0.0;0.0;0.0;0.0;fraca
8;30;0;0;0.0;0.0;0.0;0.0;fraca
12;0;2;0;0.0;0.0;0.0;0.0;fraca
21;0;5;0;0.0;0.0;0.0;0.0;fraca
21;0;8;0;0.0;0.0;0.0;0.0;fraca
15;30;5;0;0.0;0.0;0.0;0.0;fraca
19;30;0;0;0.0;0.0;0.0;0.0;fraca
4;30;0;0;0.0;0.0;0.0;0.0;fraca
5;30;7;0;0.0;0.0;0.0;0.0;fraca
23;30;0;0;0.0;0.0;0.0;0.0;fraca
9;0;2;0;0.0;0.0;0.0;0.0;fraca
10;0;0;0;0.0;0.0;0.0;0.0;fraca
0;0;0;0;0.2;0.0;0.0;0.0;fraca
6;0;0;0;0.0;0.0;0.0;0.0;fraca
23;30;0;0;0.0;0.0;0.0;0.0;fraca
2;30;1;0;0.0;0.0;0.0;0.0;fraca
4;30;0;0;0.0;0.0;0.0;0.0;fraca
23;0;1;0;0.0;0.0;0.0;0.0;fraca
14;30;0;0;0.0;0.0;0.0;0.0;fraca
17;30;1;0;23.58;0.0;0.0;8.46;moderada
12;0;1;0;0.0;0.0;0.0;0.0;fraca
14;0;0;0;0.0;0.0;0.0;0.0;fraca
3;30;0;0;0.0;0.0;0.0;0.0;fraca
22;0;1;0;0.0;0.0;0.0;0.0;fraca
13;0;0;0;0.0;0.0;0.0;0.2;fraca
20;30;1;0;0.0;0.0;0.0;0.0;fraca
6;0;0;0;0.0;0.0;0.0;0.0;fraca
22;30;1;0;0.0;0.0;0.0;0.0;fraca
8;0;1;0;0.0;0.0;0.0;0.0;fraca
13;30;1;0;0.0;0.0;0.0;0.0;fraca
4;0;0;0;2.55;0.0;0.0;4.73;moderada
10;0;0;0;0.0;0.0;0.0;0.0;fraca
9;30;6;0;0.0;0.0;0.0;0.0;fraca
14;0;0;0;0.0;0.0;0.0;0.0;fraca
13;30;0;0;0.0;0.0;0.0;0.0;fraca
0;30;0;0;0.0;0.0;0.0;0.0;fraca
5;0;0;0;0.0;0.0;0.0;0.0;fraca
3;0;0;0;0.0;0.0;0.0;0.0;fraca
6;30;0;0;0.0;0.0;0.0;0.0;fraca
3;0;0;0;0.0;0.0;0.0;0.0;fraca
21;30;0;0;0.0;0.0;0.0;0.0;fraca
11;0;0;0;0.0;0.0;0.0;0.0;fraca
9;0;0;0;0.2;0.0;0.0;0.4;fraca
12;30;4;0;0.0;0.0;0.0;0.0;fraca
16;30;0;0;0.0;0.0;0.0;0.0;fraca
13;0;0;0;0.0;0.0;0.0;0.0;fraca
21;30;2;0;0.79;0.0;0.0;0.79;fraca
2;30;4;0;0.0;0.0;0.0;0.0;fraca
8;30;0;0;0.0;0.0;0.0;0.0;fraca
8;30;2;0;0.0;0.0;0.0;0.0;fraca
1;30;4;0;0.4;0.0;0.0;0.99;fraca
1;30;2;0;0.0;0.0;0.0;0.0;fraca
16;0;5;0;0.0;0.0;0.0;0.0;fraca
17;30;1;0;0.0;0.0;0.0;0.0;fraca
7;0;0;0;0.0;0.0;0.0;0.0;fraca
19;30;3;0;2.95;0.0;0.0;2.16;fraca
14;30;0;0;0.0;0.0;0.0;0.0;fraca
7;30;0;0;0.0;0.0;0.0;0.0;fraca
17;0;1;0;0.0;0.0;0.0;0.0;fraca
9;30;1;0;0.0;0.0;0.0;1.18;fraca
5;30;2;0;0.0;0.0;0.0;0.0;fraca
16;30;0;0;0.0;0.0;0.0;0.0;fraca
9;30;1;0;0.0;0.0;0.0;0.0;fraca
13;0;1;0;0.0;0.0;0.0;0.0;fraca
23;0;1;0;0.0;0.0;0.0;0.0;fraca
11;30;9;0;0.0;0.0;0.0;0.0;fraca
12;30;2;0;0.0;0.0;0.0;0.0;fraca
12;0;0;0;0.0;0.0;0.0;0.0;fraca
13;30;1;0;0.0;0.0;0.0;0.0;fraca
2;30;0;0;0.0;0.0;0.0;0.0;fraca
16;0;1;0;0.0;0.0;0.0;0.0;fraca
4;0;0;0;0.0;0.0;0.0;0.0;fraca
16;0;4;0;0.0;0.0;0.0;0.0;fraca
23;0;0;0;0.0;0.0;0.0;0.0;fraca
0;0;0;0;0.0;0.0;0.0;0.0;fraca
12;0;2;0;0.0;0.0;0.0;0.0;fraca
2;30;0;0;0.0;0.0;0.0;0.0;fraca
8;0;0;0;0.0;0.0;0.0;0.0;fraca
1;0;0;0;0.0;0.0;0.0;0.0;fraca
15;30;4;0;0.0;0.0;0.0;0.0;fraca
23;0;0;0;1.18;0.0;0.0;0.79;fraca
18;0;1;0;0.0;0.0;0.0;0.0;fraca
11;30;1;0;0.2;0.0;0.0;0.0;fraca
16;30;3;0;0.0;0.0;0.0;0.0;fraca
14;0;3;0;0.0;0.0;0.0;0.0;fraca
15;0;0;0;0.0;0.0;0.0;0.0;fraca
11;0;0;0;0.0;0.0;0.0;0.0;fraca
4;0;0;0;0.0;0.0;0.0;0.0;fraca
15;30;2;0;0.0;0.0;0.0;0.0;fraca
7;30;1;0;0.0;0.0;0.0;0.0;fraca
22;0;3;0;0.0;0.0;0.0;0.0;fraca
22;30;2;0;0.0;0.0;0.0;0.0;fraca
19;0;0;0;0.0;0.0;0.0;0.0;fraca
19;0;2;0;0.0;0.0;0.0;0.0;fraca
11;0;0;0;0.0;0.0;0.0;0.0;fraca
10;0;0;0;1.18;0.0;0.0;0.2;fraca
17;30;0;0;0.0;0.0;0.0;0.0;fraca
3;30;0;0;0.0;0.0;0.0;0.0;fraca
5;30;0;0;0.0;0.0;0.0;0.0;fraca
10;0;0;0;0.0;0.0;0.0;0.0;fraca
7;0;0;0;0.2;0.0;0.0;0.0;fraca
21;0;0;0;0.0;0.0;0.0;0.0;fraca
19;0;1;0;0.0;0.0;0.0;0.0;fraca
12;30;1;0;0.0;0.0;0.0;0.0;fraca
19;0;0;0;0.0;0.0;0.0;0.0;fraca
18;30;6;0;0.0;0.0;0.0;0.0;fraca
13;0;2;0;0.0;0.0;0.0;0.0;fraca
3;0;0;0;0.0;0.0;0.0;0.0;fraca
18;30;3;0;0.0;0.0;0.0;0.0;fraca
8;0;0;0;0.0;0.0;0.0;0.0;fraca
22;0;0;0;0.0;0.0;0.0;0.0;fraca
19;0;1;0;0.0;0.0;0.0;0.0;fraca
3;30;0;0;0.0;0.0;0.0;0.0;fraca
17;0;0;0;3.75;0.0;0.0;0.79;fraca
22;0;1;0;0.0;0.0;0.0;0.0;fraca
7;0;3;0;0.0;0.0;0.0;0.0;fraca
13;0;2;0;0.4;0.0;0.0;0.0;fraca
12;0;1;0;0.2;0.0;0.0;0.2;fraca
6;30;0;0;0.0;0.0;0.0;0.0;fraca
22;0;3;0;0.0;0.0;0.0;0.0;fraca
4;0;0;0;0.0;0.0;0.0;0.0;fraca
16;0;2;0;0.0;0.0;0.0;0.0;fraca
14;0;1;0;0.0;0.0;0.0;0.0;fraca
18;30;8;0;0.0;0.0;0.0;0.0;fraca
5;30;0;0;0.0;0.0;0.0;0.0;fraca
6;30;0;0;0.0;0.0;0.0;0.0;fraca
17;30;0;0;0.0;0.0;0.0;0.0;fraca
21;0;1;0;0.0;0.0;0.0;0.79;fraca
19;0;4;0;0.0;0.0;0.0;0.0;fraca
2;0;4;0;0.0;0.0;0.0;0.0;fraca
11;30;3;0;0.0;0.0;0.0;0.0;fraca
3;0;0;0;0.0;0.0;0.0;0.0;fraca
15;30;0;0;0.0;0.0;0.0;0.0;fraca
13;0;3;0;0.0;0.0;0.0;0.0;fraca
6;30;3;0;0.0;0.0;0.0;0.0;fraca
4;30;1;0;0.0;0.0;0.0;0.0;fraca
4;30;0;0;0.0;0.0;0.0;0.0;fraca
4;30;0;0;0.0;0.0;0.0;0.0;fraca
8;30;1;0;0.0;0.0;0.0;0.0;fraca
12;30;2;0;0.0;0.0;0.0;0.0;fraca
22;30;1;0;0.0;0.0;0.0;0.0;fraca
8;0;0;0;0.0;0.0;0.0;0.0;fraca
8;30;3;0;0.0;0.0;0.0;0.0;fraca
21;0;1;0;0.0;0.0;0.0;0.0;fraca
16;0;7;0;0.0;0.0;0.0;0.0;fraca
0;0;0;0;0.0;0.0;0.0;0.0;fraca
22;0;6;0;1.37;0.0;0.0;0.79;fraca
13;30;1;0;0.0;0.0;0.0;0.0;fraca
22;0;0;0;0.6;0.0;0.0;0.2;fraca
18;30;2;0;0.0;0.0;0.0;0.0;fraca
10;30;0;0;0.0;0.0;0.0;0.0;fraca
22;30;5;0;0.79;0.0;0.0;0.4;fraca
11;30;4;0;0.0;0.0;0.0;0.0;fraca
3;0;0;0;0.0;0.0;0.0;0.0;fraca
2;30;0;0;0.0;0.0;0.0;0.0;fraca
16;30;0;0;0.0;0.0;0.0;0.0;fraca
12;30;2;0;0.0;0.0;0.0;0.0;fraca
14;30;0;0;0.0;0.0;0.0;0.0;fraca
18;30;2;0;0.0;0.0;0.0;0.0;fraca
20;30;0;0;0.98;0.0;0.0;3.73;moderada
18;0;1;0;0.0;0.0;0.0;0.0;fraca
2;0;0;0;0.0;0.0;0.0;0.0;fraca
7;0;0;0;0.0;0.0;0.0;0.0;fraca
22;30;1;0;0.99;0.0;0.0;2.16;fraca
1;30;0;0;0.2;0.0;0.0;0.0;fraca
13;0;1;0;0.0;0.0;0.0;0.0;fraca
0;0;1;0;0.0;0.0;0.0;0.0;fraca
1;30;0;0;0.0;0.0;0.0;0.0;fraca
14;30;2;0;0.0;0.0;0.0;0.0;fraca
16;30;0;0;0.0;0.0;0.0;0.0;fraca
2;30;1;0;0.0;0.0;0.0;0.0;fraca
18;0;0;0;1.77;0.0;0.0;4.12;moderada
10;30;1;0;0.0;0.0;0.0;0.0;fraca
21;30;3;0;0.0;0.0;0.0;0.0;fraca
2;0;0;0;0.0;0.0;0.0;0.0;fraca
12;30;11;0;0.0;0.0;0.0;0.0;fraca
0;0;0;0;0.0;0.0;0.0;0.0;fraca
2;0;0;0;0.99;0.0;0.0;0.0;fraca
4;0;0;0;0.0;0.0;0.0;0.0;fraca
16;0;0;0;0.0;0.0;0.0;0.0;fraca
9;0;6;0;0.0;0.0;0.0;0.0;fraca
4;30;0;0;0.0;0.0;0.0;0.79;fraca
12;0;0;0;0.0;0.0;0.0;0.0;fraca
4;0;0;0;0.0;0.0;0.0;0.39;fraca
7;30;4;0;0.0;0.0;0.0;0.0;fraca
6;30;0;0;0.0;0.0;0.0;0.0;fraca
23;30;0;0;0.2;0.0;0.0;0.0;fraca
13;0;0;0;0.0;0.0;0.0;0.0;fraca
1;30;0;0;0.0;0.0;0.0;0.0;fraca
17;0;1;0;0.0;0.0;0.0;0.0;fraca
20;0;0;0;0.0;0.0;0.0;0.0;fraca
14;0;0;0;0.0;0.0;0.0;0.0;fraca
13;0;0;0;0.0;0.0;0.0;0.0;fraca
16;0;1;0;0.0;0.0;0.0;0.0;fraca
20;30;1;0;0.0;0.0;0.0;0.0;fraca
16;30;0;0;0.0;0.0;0.0;0.0;fraca
15;0;2;0;0.0;0.0;0.0;0.0;fraca
10;30;0;0;0.0;0.0;0.0;0.0;fraca
13;30;1;0;0.0;0.0;0.0;0.0;fraca
15;0;1;0;0.0;0.0;0.0;0.0;fraca
20;30;4;0;0.98;0.0;0.0;1.18;fraca
8;0;6;0;0.0;0.0;0.0;0.0;fraca
21;30;8;0;0.0;0.0;0.0;0.0;fraca
1;0;1;0;0.0;0.0;0.0;0.0;fraca
15;0;6;0;0.0;0.0;0.0;0.0;fraca
4;0;2;0;0.0;0.0;0.0;0.0;fraca
21;30;4;0;0.0;0.0;0.0;0.0;fraca
9;0;0;0;0.0;0.0;0.0;0.0;fraca
6;0;1;0;0.0;0.0;0.0;0.0;fraca
7;30;1;0;0.0;0.0;0.0;0.0;fraca
15;30;3;0;0.0;0.0;0.0;0.0;fraca
0;0;0;0;0.0;0.0;0.0;1.77;fraca
13;30;1;0;0.0;0.0;0.0;0.0;fraca
7;0;1;0;0.4;0.0;0.0;0.2;fraca
20;30;11;0;0.0;0.0;0.0;0.0;fraca
15;30;1;0;0.0;0.0;0.0;0.0;fraca
13;30;8;0;0.0;0.0;0.0;0.0;fraca
21;30;2;0;0.0;0.0;0.0;0.0;fraca
1;0;1;0;0.0;0.0;0.0;0.2;fraca
12;0;8;0;0.0;0.0;0.0;0.0;fraca
18;30;2;0;0.98;0.0;0.0;0.39;fraca
14;30;2;0;0.0;0.0;0.0;0.0;fraca
23;0;0;0;0.0;0.0;0.0;0.2;fraca
10;30;4;0;0.0;0.0;0.0;0.2;fraca
23;30;1;0;0.0;0.0;0.0;0.0;fraca
22;30;1;0;0.0;0.0;0.0;0.0;fraca
14;30;0;0;0.39;0.0;0.0;0.2;fraca
23;30;0;0;0.0;0.0;0.0;0.0;fraca
23;0;2;0;0.0;0.0;0.0;0.0;fraca
18;30;2;0;0.0;0.0;0.0;0.0;fraca
14;0;2;0;0.0;0.0;0.0;0.0;fraca
14;30;2;0;0.0;0.0;0.0;0.0;fraca
15;30;4;0;0.0;0.0;0.0;0.0;fraca
7;0;2;0;0.0;0.0;0.0;0.0;fraca
0;30;3;0;0.0;0.0;0.0;0.0;fraca
20;0;2;0;0.0;0.0;0.0;0.0;fraca
7;0;0;0;0.0;0.0;0.0;0.0;fraca
1;30;0;0;0.0;0.0;0.0;0.0;fraca
9;0;1;0;0.0;0.0;0.0;0.0;fraca
6;30;0;0;0.4;0.0;0.0;3.73;moderada
14;0;2;0;0.0;0.0;0.0;0.0;fraca
9;30;13;0;0.0;0.0;0.0;0.0;fraca
18;30;7;0;0.0;0.0;0.0;0.0;fraca
0;30;1;0;0.0;0.0;0.0;0.0;fraca
13;0;0;0;0.0;0.0;0.0;0.0;fraca
1;30;0;0;0.0;0.0;0.0;0.0;fraca
15;30;4;0;0.0;0.0;0.0;0.0;fraca
22;0;0;0;0.0;0.0;0.0;0.0;fraca
17;30;1;0;0.0;0.0;0.0;0.2;fraca
13;0;1;0;0.0;0.0;0.0;0.0;fraca
3;0;1;0;1.57;0.0;0.0;0.79;fraca
23;30;0;0;0.0;0.0;0.0;0.0;fraca
3;30;0;0;0.0;0.0;0.0;0.0;fraca
0;30;0;0;0.0;0.0;0.0;0.2;fraca
19;0;2;0;0.0;0.0;0.0;0.0;fraca
23;30;0;0;0.0;0.0;0.0;0.0;fraca
2;30;0;0;0.0;0.0;0.0;0.2;fraca
22;0;2;0;0.0;0.0;0.0;0.0;fraca
8;0;2;0;0.0;0.0;0.0;0.0;fraca
12;30;9;0;0.0;0.0;0.0;0.0;fraca
22;30;5;0;0.0;0.0;0.0;0.0;fraca
11;0;1;0;0.0;0.0;0.0;0.2;fraca
23;30;0;0;0.0;0.0;0.0;0.0;fraca
7;30;0;0;0.0;0.0;0.0;0.0;fraca
10;30;9;0;0.0;0.0;0.0;0.0;fraca
8;30;0;0;0.0;0.0;0.0;0.2;fraca
3;0;0;0;0.0;0.0;0.0;0.0;fraca
1;30;0;0;0.0;0.0;0.0;0.0;fraca
22;30;5;0;0.0;0.0;0.0;0.0;fraca
14;0;0;0;0.0;0.0;0.0;0.0;fraca
16;0;3;0;0.0;0.0;0.0;0.0;fraca
9;0;3;0;0.0;0.0;0.0;0.0;fraca
5;0;0;0;0.0;0.0;0.0;0.0;fraca
23;30;5;0;0.0;0.0;0.0;0.0;fraca
21;30;5;0;0.0;0.0;0.0;0.0;fraca
13;30;1;0;0.0;0.0;0.0;0.0;fraca
0;30;0;0;0.0;0.0;0.0;0.0;fraca
13;0;1;0;0.0;0.0;0.0;0.0;fraca
19;30;2;0;0.0;0.0;0.0;0.0;fraca
16;0;2;1;0.0;4.143978385008743e-06;0.0016129032258064516;0.0;fraca
20;30;1;0;0.0;0.0;0.0;0.0;fraca
14;0;4;0;0.0;0.0;0.0;0.0;fraca
9;30;2;0;0.2;0.0;0.0;0.0;fraca
22;30;24;0;0.0;0.0;0.0;0.0;fraca
5;30;1;0;0.0;0.0;0.0;0.0;fraca
22;30;0;0;0.0;0.0;0.0;0.0;fraca
15;30;1;0;0.0;0.0;0.0;0.0;fraca
4;30;0;0;0.0;0.0;0.0;0.0;fraca
17;30;2;0;0.0;0.0;0.0;0.0;fraca
6;30;0;0;0.0;0.0;0.0;0.0;fraca
8;30;0;0;0.0;0.0;0.0;2.36;fraca
2;30;1;0;0.0;0.0;0.0;0.0;fraca
15;0;2;0;0.0;0.0;0.0;0.0;fraca
1;30;1;0;0.0;0.0;0.0;0.0;fraca
18;30;1;0;0.0;0.0;0.0;0.0;fraca
6;0;1;0;0.0;0.0;0.0;0.0;fraca
11;30;0;0;0.0;0.0;0.0;0.0;fraca
1;0;2;0;0.0;0.0;0.0;0.0;fraca
8;0;0;0;0.0;0.0;0.0;0.0;fraca
7;30;0;0;0.0;0.0;0.0;0.0;fraca
5;30;1;0;0.0;0.0;0.0;0.0;fraca
4;30;0;0;0.0;0.0;0.0;0.0;fraca
6;0;1;0;0.0;0.0;0.0;0.0;fraca
16;30;1;0;0.0;0.0;0.0;0.0;fraca
13;0;6;0;0.0;0.0;0.0;0.0;fraca
0;0;9;0;0.0;0.0;0.0;0.0;fraca
14;0;0;0;0.79;0.0;0.0;0.39;fraca
6;0;0;0;0.0;0.0;0.0;0.0;fraca
3;30;0;0;0.0;0.0;0.0;0.0;fraca
10;0;4;0;0.0;0.0;0.0;0.0;fraca
14;30;1;0;0.0;0.0;0.0;0.0;fraca
0;0;1;0;0.0;0.0;0.0;0.0;fraca
20;0;2;0;0.0;0.0;0.0;0.0;fraca
22;30;3;0;0.0;0.0;0.0;0.0;fraca
17;30;3;0;0.0;0.0;0.0;0.0;fraca
14;30;0;0;0.0;0.0;0.0;0.0;fraca
12;30;1;0;0.0;0.0;0.0;0.0;fraca
15;30;1;0;0.0;0.0;0.0;0.0;fraca
16;30;1;0;0.0;0.0;0.0;0.0;fraca
8;0;1;0;0.0;0.0;0.0;0.0;fraca
23;30;0;0;0.0;0.0;0.0;0.0;fraca
23;0;1;0;0.0;0.0;0.0;0.0;fraca
11;0;1;0;0.0;0.0;0.0;0.0;fraca
19;0;0;0;0.0;0.0;0.0;0.0;fraca
19;0;0;0;0.0;0.0;0.0;0.0;fraca
0;30;1;0;0.0;0.0;0.0;0.0;fraca
5;0;0;0;0.0;0.0;0.0;0.0;fraca
11;0;1;0;0.0;0.0;0.0;0.0;fraca
15;0;4;0;0.0;0.0;0.0;0.0;fraca
0;30;1;0;0.0;0.0;0.0;0.0;fraca
0;30;6;0;0.0;0.0;0.0;0.0;fraca
22;0;2;0;0.0;0.0;0.0;0.0;fraca
2;30;0;0;0.0;0.0;0.0;0.0;fraca
4;0;0;0;0.0;0.0;0.0;0.0;fraca
18;0;8;0;0.0;0.0;0.0;0.0;fraca
9;0;1;0;0.0;0.0;0.0;0.0;fraca
15;30;2;0;0.0;0.0;0.0;0.0;fraca
23;0;8;0;0.0;0.0;0.0;0.0;fraca
10;0;2;0;0.0;0.0;0.0;0.0;fraca
14;30;0;0;0.0;0.0;0.0;0.0;fraca
4;0;2;0;0.0;0.0;0.0;0.0;fraca
21;0;3;0;0.0;0.0;0.0;0.0;fraca
1;30;0;0;0.0;0.0;0.0;0.0;fraca
20;0;0;0;0.0;0.0;0.0;0.0;fraca
3;30;0;0;0.0;0.0;0.0;0.0;fraca
2;30;0;0;0.0;0.0;0.0;0.0;fraca
2;30;0;0;0.0;0.0;0.0;0.78;fraca
22;30;4;0;0.0;0.0;0.0;0.0;fraca
11;30;1;0;0.2;0.0;0.0;0.0;fraca
3;30;0;0;0.0;0.0;0.0;0.0;fraca
11;30;2;0;0.0;0.0;0.0;0.0;fraca
0;0;0;0;0.0;0.0;0.0;0.0;fraca
12;0;5;0;0.0;0.0;0.0;0.0;fraca
16;0;0;0;0.0;0.0;0.0;0.0;fraca
23;0;2;0;0.0;0.0;0.0;0.0;fraca
11;0;5;0;0.0;0.0;0.0;0.0;fraca
11;0;1;0;0.0;0.0;0.0;0.0;fraca
5;0;0;0;0.79;0.0;0.0;0.0;fraca
19;30;1;0;12.91;0.0;0.0;6.49;moderada
17;30;0;0;0.0;0.0;0.0;1.77;fraca
11;0;2;0;0.2;0.0;0.0;0.0;fraca
5;30;0;0;0.0;0.0;0.0;0.0;fraca
10;0;1;0;0.0;0.0;0.0;0.0;fraca
23;30;1;0;0.0;0.0;0.0;0.0;fraca
18;30;0;0;0.0;0.0;0.0;1.18;fraca
10;30;0;0;0.2;0.0;0.0;0.2;fraca
19;30;4;0;0.0;0.0;0.0;0.0;fraca
13;0;1;0;0.0;0.0;0.0;0.0;fraca
22;0;1;0;0.0;0.0;0.0;0.0;fraca
1;0;0;0;0.0;0.0;0.0;0.0;fraca
17;30;3;0;0.0;0.0;0.0;0.0;fraca
10;0;3;0;0.0;0.0;0.0;0.0;fraca
10;30;2;0;0.0;0.0;0.0;0.0;fraca
5;0;0;0;0.0;0.0;0.0;0.0;fraca
1;30;0;0;0.0;0.0;0.0;0.0;fraca
11;0;1;0;0.0;0.0;0.0;0.0;fraca
15;0;2;0;0.0;0.0;0.0;0.0;fraca
5;0;0;0;0.4;0.0;0.0;0.0;fraca
18;30;0;0;0.0;0.0;0.0;0.0;fraca
22;30;3;0;0.0;0.0;0.0;0.0;fraca
6;0;0;0;0.0;0.0;0.0;0.0;fraca
5;30;1;0;0.0;0.0;0.0;0.0;fraca
10;30;0;0;0.0;0.0;0.0;0.0;fraca
23;0;0;0;0.0;0.0;0.0;0.0;fraca
6;30;0;0;0.0;0.0;0.0;0.0;fraca
8;0;2;0;0.0;0.0;0.0;0.0;fraca
11;0;2;0;0.0;0.0;0.0;0.0;fraca
18;0;3;0;0.0;0.0;0.0;0.0;fraca
22;0;4;0;0.0;0.0;0.0;0.0;fraca
1;30;0;0;0.0;0.0;0.0;0.0;fraca
17;0;1;0;0.0;0.0;0.0;0.0;fraca
3;0;1;0;0.0;0.0;0.0;0.0;fraca
4;30;1;0;0.0;0.0;0.0;0.0;fraca
7;30;0;0;0.0;0.0;0.0;0.0;fraca
23;30;2;0;0.2;0.0;0.0;0.0;fraca
5;0;0;0;0.0;0.0;0.0;0.0;fraca
10;0;0;0;0.0;0.0;0.0;0.0;fraca
16;0;1;0;0.0;0.0;0.0;0.0;fraca
17;30;0;0;0.0;0.0;0.0;0.0;fraca
12;30;1;0;0.0;0.0;0.0;0.0;fraca
21;30;3;0;0.0;0.0;0.0;0.0;fraca
5;0;0;0;0.0;0.0;0.0;0.0;fraca
0;30;1;0;0.0;0.0;0.0;0.0;fraca
9;0;0;0;0.59;0.0;0.0;0.0;fraca
6;0;0;0;0.0;0.0;0.0;0.0;fraca
16;0;2;0;0.0;0.0;0.0;0.0;fraca
3;30;0;0;0.0;0.0;0.0;0.0;fraca
12;0;0;0;0.0;0.0;0.0;0.0;fraca
23;0;1;0;0.0;0.0;0.0;0.0;fraca
18;0;0;0;0.0;0.0;0.0;0.0;fraca
2;0;0;0;0.0;0.0;0.0;0.0;fraca
19;30;7;0;0.0;0.0;0.0;0.0;fraca
5;30;2;0;2.36;0.0;0.0;0.59;fraca
13;0;0;0;0.0;0.0;0.0;0.0;fraca
11;30;0;0;0.0;0.0;0.0;0.0;fraca
20;0;1;0;0.0;0.0;0.0;0.0;fraca
20;30;3;0;0.79;0.0;0.0;0.0;fraca
7;30;0;0;0.0;0.0;0.0;0.0;fraca
10;30;0;0;0.0;0.0;0.0;0.0;fraca
2;30;0;0;0.0;0.0;0.0;0.0;fraca
14;30;3;0;0.4;0.0;0.0;0.2;fraca
6;30;1;0;0.0;0.0;0.0;0.0;fraca
19;30;4;0;0.0;0.0;0.0;0.0;fraca
14;30;0;0;0.0;0.0;0.0;0.0;fraca
12;30;1;0;0.0;0.0;0.0;0.0;fraca
4;30;0;0;0.0;0.0;0.0;0.0;fraca
11;0;0;0;0.0;0.0;0.0;0.0;fraca
0;0;4;0;0.0;0.0;0.0;0.0;fraca
22;0;1;0;0.79;0.0;0.0;0.99;fraca
1;0;0;0;0.0;0.0;0.0;0.0;fraca
14;30;2;0;0.0;0.0;0.0;0.0;fraca
2;0;3;0;0.0;0.0;0.0;0.0;fraca
20;30;3;0;0.0;0.0;0.0;0.0;fraca
0;30;2;0;0.0;0.0;0.0;0.0;fraca
6;0;0;0;0.59;0.0;0.0;0.0;fraca
10;30;0;0;0.0;0.0;0.0;0.0;fraca
10;30;1;0;0.0;0.0;0.0;0.0;fraca
23;0;0;0;0.0;0.0;0.0;0.0;fraca
6;0;1;0;0.0;0.0;0.0;0.0;fraca
12;0;1;0;0.0;0.0;0.0;0.0;fraca
6;30;1;0;0.0;0.0;0.0;0.0;fraca
14;30;2;0;0.0;0.0;0.0;0.0;fraca
0;0;3;0;0.0;0.0;0.0;0.0;fraca
5;0;0;0;0.0;0.0;0.0;0.0;fraca
13;30;0;0;0.0;0.0;0.0;0.0;fraca
23;30;2;0;0.0;0.0;0.0;0.0;fraca
17;0;1;0;0.0;0.0;0.0;0.0;fraca
13;30;0;0;0.0;0.0;0.0;0.0;fraca
3;0;0;0;0.0;0.0;0.0;0.0;fraca
17;0;1;0;0.99;0.0;0.0;0.0;fraca
9;30;0;0;0.0;0.0;0.0;0.0;fraca
22;0;0;0;0.0;0.0;0.0;0.0;fraca
5;0;0;0;0.0;0.0;0.0;0.0;fraca
9;30;1;0;0.0;0.0;0.0;0.0;fraca
8;30;0;0;0.0;0.0;0.0;0.0;fraca
9;0;1;0;0.0;0.0;0.0;0.0;fraca
4;30;4;0;0.2;0.0;0.0;0.0;fraca
1;30;0;0;0.79;0.0;0.0;0.0;fraca
15;30;2;0;0.0;0.0;0.0;0.0;fraca
20;30;2;0;0.0;0.0;0.0;0.0;fraca
17;30;2;0;0.0;0.0;0.0;0.0;fraca
8;0;1;0;0.0;0.0;0.0;0.0;fraca
0;30;0;0;0.0;0.0;0.0;0.0;fraca
12;0;0;0;0.0;0.0;0.0;0.0;fraca
12;30;2;0;0.0;0.0;0.0;0.0;fraca
3;30;0;0;0.0;0.0;0.0;0.0;fraca
11;30;3;0;0.0;0.0;0.0;0.0;fraca
1;0;0;0;0.0;0.0;0.0;0.0;fraca
16;0;3;0;0.0;0.0;0.0;0.0;fraca
14;0;1;0;0.0;0.0;0.0;0.0;fraca
17;0;3;0;0.0;0.0;0.0;0.0;fraca
14;30;1;0;0.0;0.0;0.0;0.0;fraca
13;30;1;0;0.0;0.0;0.0;0.0;fraca
11;30;2;0;0.0;0.0;0.0;0.0;fraca
5;30;0;0;0.0;0.0;0.0;0.0;fraca
20;0;6;0;0.0;0.0;0.0;0.0;fraca
4;30;0;0;0.0;0.0;0.0;0.0;fraca
19;0;2;0;0.0;0.0;0.0;0.0;fraca
5;30;0;0;0.0;0.0;0.0;0.0;fraca
4;0;0;0;0.0;0.0;0.0;0.0;fraca
4;30;1;0;0.79;0.0;0.0;0.2;fraca
8;30;0;0;0.0;0.0;0.0;0.0;fraca
13;0;2;0;0.0;0.0;0.0;0.0;fraca
4;0;0;0;0.0;0.0;0.0;0.0;fraca
5;30;0;0;0.0;0.0;0.0;0.0;fraca
13;30;1;0;0.0;0.0;0.0;0.39;fraca
22;0;4;0;0.0;0.0;0.0;0.0;fraca
0;30;1;0;0.0;0.0;0.0;0.0;fraca
12;30;6;0;0.0;0.0;0.0;0.0;fraca
6;30;0;0;0.0;0.0;0.0;0.0;fraca
7;0;0;0;0.0;0.0;0.0;0.0;fraca
4;30;0;0;4.73;0.0;0.0;0.79;fraca
4;0;0;0;0.0;0.0;0.0;0.0;fraca
15;0;0;0;0.0;0.0;0.0;0.0;fraca
21;0;1;0;0.0;0.0;0.0;0.0;fraca
9;30;0;0;0.0;0.0;0.0;0.0;fraca
13;30;1;0;0.0;0.0;0.0;0.0;fraca
0;0;1;0;0.0;0.0;0.0;0.0;fraca
1;0;0;0;0.0;0.0;0.0;0.0;fraca
1;0;1;0;0.0;0.0;0.0;0.0;fraca
19;30;5;0;0.0;0.0;0.0;0.0;fraca
11;0;1;0;0.0;0.0;0.0;0.0;fraca
18;0;1;1;8.46;4.143978385008743e-06;0.0016129032258064516;0.0;fraca
17;30;2;0;0.0;0.0;0.0;0.0;fraca
1;0;4;0;0.0;0.0;0.0;0.0;fraca
17;0;1;0;0.0;0.0;0.0;0.0;fraca
20;0;3;0;2.16;0.0;0.0;0.98;fraca
22;30;7;0;0.0;0.0;0.0;0.0;fraca
23;30;4;0;0.0;0.0;0.0;0.0;fraca
9;0;2;0;0.0;0.0;0.0;0.0;fraca
4;30;0;0;0.0;0.0;0.0;0.0;fraca
0;0;5;0;0.0;0.0;0.0;0.0;fraca
14;30;1;0;0.0;0.0;0.0;0.0;fraca
0;30;4;0;0.0;0.0;0.0;0.0;fraca
17;0;0;0;0.0;0.0;0.0;0.0;fraca
3;0;0;0;0.2;0.0;0.0;0.0;fraca
10;0;7;0;0.0;0.0;0.0;0.0;fraca
1;30;1;0;0.0;0.0;0.0;0.0;fraca
12;30;4;0;0.0;0.0;0.0;0.0;fraca
14;0;1;0;0.0;0.0;0.0;0.0;fraca
20;0;0;0;0.0;0.0;0.0;0.2;fraca
12;30;3;0;0.2;0.0;0.0;0.0;fraca
3;30;1;0;0.79;0.0;0.0;0.0;fraca
23;30;0;0;0.0;0.0;0.0;0.0;fraca
18;30;0;0;4.12;0.0;0.0;0.2;fraca
6;30;2;0;0.0;0.0;0.0;0.0;fraca
0;0;0;0;0.0;0.0;0.0;0.0;fraca
20;30;7;0;0.0;0.0;0.0;0.0;fraca
7;30;1;0;0.0;0.0;0.0;0.0;fraca
10;30;5;0;0.0;0.0;0.0;0.0;fraca
6;0;0;0;0.0;0.0;0.0;0.0;fraca
4;0;0;0;0.0;0.0;0.0;0.0;fraca
6;30;1;0;0.0;0.0;0.0;0.0;fraca
1;30;0;0;0.0;0.0;0.0;0.0;fraca
7;30;0;0;0.2;0.0;0.0;0.0;fraca
16;30;1;0;0.0;0.0;0.0;0.0;fraca
10;30;0;0;0.0;0.0;0.0;0.0;fraca
11;0;0;0;0.0;0.0;0.0;0.0;fraca
17;0;0;0;0.0;0.0;0.0;0.0;fraca
11;30;7;0;0.0;0.0;0.0;0.0;fraca
7;0;0;0;0.0;0.0;0.0;0.0;fraca
22;0;0;0;0.0;0.0;0.0;0.0;fraca
18;0;2;0;0.0;0.0;0.0;0.0;fraca
21;0;2;0;0.0;0.0;0.0;0.0;fraca
1;0;15;0;0.2;0.0;0.0;0.4;fraca
11;0;5;0;0.0;0.0;0.0;0.0;fraca
19;0;2;0;0.0;0.0;0.0;0.0;fraca
23;0;0;0;0.0;0.0;0.0;0.0;fraca
15;0;2;0;0.0;0.0;0.0;0.0;fraca
2;30;0;0;0.0;0.0;0.0;0.0;fraca
17;0;4;0;0.0;0.0;0.0;0.0;fraca
19;30;3;0;0.0;0.0;0.0;0.0;fraca
15;0;2;0;0.0;0.0;0.0;0.0;fraca
10;30;1;0;0.0;0.0;0.0;0.0;fraca
8;30;1;0;0.0;0.0;0.0;0.0;fraca
12;30;1;0;0.0;0.0;0.0;0.0;fraca
9;0;1;0;0.0;0.0;0.0;0.0;fraca
12;0;4;0;0.0;0.0;0.0;0.0;fraca
18;0;3;0;0.0;0.0;0.0;0.0;fraca
15;0;1;0;0.0;0.0;0.0;0.0;fraca
2;0;0;0;0.0;0.0;0.0;0.0;fraca
19;30;1;0;0.0;0.0;0.0;0.0;fraca
16;0;3;0;0.0;0.0;0.0;0.0;fraca
9;30;0;0;1.37;0.0;0.0;0.4;fraca
5;30;0;0;0.0;0.0;0.0;0.0;fraca
11;0;6;0;0.0;0.0;0.0;0.0;fraca
16;30;4;0;0.0;0.0;0.0;0.0;fraca
3;30;0;0;0.0;0.0;0.0;0.0;fraca
5;0;0;0;0.0;0.0;0.0;0.0;fraca
19;0;1;0;0.0;0.0;0.0;0.0;fraca
6;30;1;0;0.0;0.0;0.0;0.0;fraca
8;0;1;0;0.0;0.0;0.0;0.0;fraca
20;30;0;0;0.0;0.0;0.0;0.0;fraca
8;0;1;0;0.0;0.0;0.0;0.0;fraca
11;0;4;0;0.0;0.0;0.0;0.0;fraca
9;0;3;0;0.0;0.0;0.0;0.0;fraca
17;30;0;0;0.0;0.0;0.0;0.0;fraca
6;30;0;0;0.0;0.0;0.0;0.0;fraca
17;30;5;0;0.0;0.0;0.0;0.0;fraca
21;0;0;0;0.0;0.0;0.0;0.0;fraca
15;30;0;0;0.0;0.0;0.0;0.0;fraca
21;0;2;0;0.0;0.0;0.0;0.0;fraca
12;0;1;0;0.0;0.0;0.0;0.0;fraca
12;30;0;0;0.0;0.0;0.0;0.0;fraca
7;0;0;0;0.0;0.0;0.0;0.0;fraca
20;0;10;0;0.0;0.0;0.0;0.0;fraca
17;30;1;0;0.0;0.0;0.0;0.0;fraca
7;0;0;0;0.0;0.0;0.0;0.0;fraca
8;0;3;0;0.0;0.0;0.0;0.2;fraca
22;30;3;0;0.0;0.0;0.0;0.0;fraca
8;0;3;0;0.0;0.0;0.0;0.0;fraca
19;30;0;0;0.98;0.0;0.0;0.4;fraca
16;0;3;0;0.0;0.0;0.0;0.0;fraca
13;0;2;0;0.0;0.0;0.0;0.0;fraca
20;0;4;0;0.0;0.0;0.0;0.0;fraca
7;30;0;0;0.0;0.0;0.0;0.0;fraca
5;0;0;0;0.0;0.0;0.0;0.0;fraca
6;0;1;0;0.0;0.0;0.0;0.0;fraca
8;30;2;0;0.0;0.0;0.0;0.0;fraca
18;30;1;0;0.2;0.0;0.0;0.0;fraca
11;0;1;0;0.0;0.0;0.0;0.0;fraca
20;30;3;0;0.0;0.0;0.0;0.0;fraca
4;30;0;0;0.0;0.0;0.0;0.0;fraca
9;30;0;0;0.0;0.0;0.0;0.0;fraca
18;0;6;0;0.0;0.0;0.0;0.0;fraca
21;0;0;0;0.0;0.0;0.0;0.0;fraca
18;30;2;0;0.0;0.0;0.0;0.0;fraca
15;30;5;0;0.0;0.0;0.0;0.0;fraca
9;30;0;0;0.0;0.0;0.0;0.0;fraca
6;30;0;0;0.0;0.0;0.0;0.0;fraca
14;30;0;0;0.0;0.0;0.0;0.0;fraca
9;30;0;0;0.0;0.0;0.0;0.0;fraca
1;0;0;0;0.2;0.0;0.0;0.0;fraca
20;0;1;0;0.0;0.0;0.0;0.0;fraca
4;30;0;0;0.0;0.0;0.0;0.0;fraca
16;30;0;0;0.0;0.0;0.0;0.0;fraca
10;30;0;0;0.0;0.0;0.0;0.0;fraca
21;0;0;0;0.0;0.0;0.0;0.0;fraca
20;0;3;0;0.0;0.0;0.0;0.0;fraca
9;0;1;0;0.0;0.0;0.0;0.0;fraca
10;0;0;0;0.0;0.0;0.0;0.0;fraca
11;30;1;0;0.0;0.0;0.0;0.0;fraca
2;0;1;0;0.0;0.0;0.0;0.0;fraca
18;0;0;0;0.0;0.0;0.0;0.0;fraca
9;0;0;0;0.0;0.0;0.0;0.0;fraca
12;30;3;0;0.0;0.0;0.0;0.0;fraca
10;30;0;0;0.0;0.0;0.0;0.0;fraca
20;30;3;0;0.0;0.0;0.0;0.0;fraca
23;30;0;0;0.0;0.0;0.0;0.0;fraca
16;30;2;0;0.0;0.0;0.0;0.0;fraca
7;0;0;0;0.0;0.0;0.0;0.0;fraca
20;30;0;0;0.0;0.0;0.0;0.0;fraca
7;0;0;0;0.0;0.0;0.0;0.0;fraca
21;0;9;0;0.0;0.0;0.0;0.0;fraca
7;30;0;0;0.0;0.0;0.0;0.0;fraca
17;30;24;0;0.0;0.0;0.0;0.0;fraca
10;30;3;0;0.0;0.0;0.0;0.0;fraca
6;0;0;0;0.0;0.0;0.0;1.57;fraca
3;30;0;0;0.2;0.0;0.0;0.0;fraca
17;30;0;0;0.0;0.0;0.0;0.0;fraca
9;0;0;0;0.0;0.0;0.0;0.0;fraca
20;30;1;0;0.0;0.0;0.0;0.0;fraca
18;30;1;0;0.0;0.0;0.0;0.0;fraca
13;0;0;0;0.0;0.0;0.0;0.0;fraca
8;0;14;0;0.0;0.0;0.0;0.0;fraca
